{
  "train_loss": [
    2.7559221982955933,
    2.450368285179138,
    2.5952454805374146
  ],
  "val_loss": [
    2.3370895385742188,
    2.3329203128814697,
    2.3128294944763184
  ],
  "val_spearman": [
    -0.2606060606060606,
    -0.2606060606060606,
    -0.23636363636363633
  ],
  "val_pearson": [
    