rank,sequence,length,activity,difficulty,coupling,cost,combined
1,IRGTIMVNGLLRKKFAGSRT,20,0.9258333333333333,16.29116509260119,0.4593211635799603,39.0,0.05354372180099611
2,TFSAAASVAGCDKRGLTMRG,20,0.7483333333333334,15.119379473580894,0.4982140175473036,37.0,0.04642445042998249
3,VLAWKYRLTVIKSKKWTGKM,20,0.8875000000000001,18.337448072031897,0.39171839759893673,47.0,0.04589540443465275
4,HVRTSHGLNTKGASMKAHTV,20,0.7983333333333333,16.58650433891323,0.4494498553695589,42.0,0.04539465705909961
5,LKGNNGAARISRDAFSLIIP,20,0.7491666666666666,16.70779648916508,0.44874678369449744,35.5,0.042307164932975226
6,VAAAGVFASNTADEEQAAFF,20,0.65,14.416588833403626,0.5253003722198791,32.5,0.04216237502498762
7,AHVADALMKAGRWAMMHKGN,20,0.7608333333333333,17.19449191895515,0.42935026936816173,45.5,0.04181668478143606
8,GATPGNIKASSFKYCATGST,20,0.6941666666666667,16.039987647304272,0.4674804117565243,36.0,0.04073750996976127
9,AITAAFYTDAAEAITQLDSG,20,0.665,15.531265854074528,0.4882178048641823,34.0,0.04022680452120942
10,AITAAFYTDAAEAITQLDSG,20,0.665,15.531265854074528,0.4882178048641823,34.0,0.04022680452120942
11,DACVPFSSQSKRHVRVISKS,20,0.7633333333333333,18.551165446145507,0.3841611517951497,42.0,0.03904285580498853
12,YAAAGAVLVSSLNTAIVTLS,20,0.49583333333333335,13.80541274450563,0.5424062418498123,30.5,0.03349000408768339
13,KWGTNLAANAAGIKFDQRAD,20,0.5658333333333333,15.900000847054427,0.4724666384315191,38.5,0.03348126064928303
14,EWAVGAIGAIQNSHNERLNF,20,0.5499999999999999,17.03097467138311,0.43491417762056306,41.5,0.03050306542068981
15,NTLTENRGFVEGTYAPPLTV,20,0.5499999999999999,17.814858043039404,0.4084380652320198,37.5,0.029232216301704896
16,AMSSVGSDAHKYPDIKQTTL,20,0.545,17.94153171998236,0.40438227600058796,39.5,0.02877275228090728
17,DMYNRSYPGQCCVLSGAHAN,20,0.5516666666666666,18.580931406052674,0.3830756197982441,45.0,0.02817366831161773
18,MSLMGVASGFAFDVISIFKL,20,0.4816666666666667,16.59948428895875,0.44950385703470835,37.0,0.027368226179720855
19,QFATYNNKGPVCIPDHGHNW,20,0.5091666666666667,20.170250270307378,0.33025165765642067,48.5,0.02405104616929377
20,ADCPKNGSHIQDTNANTKGA,20,0.43166666666666664,17.427627647956296,0.42117907840145685,39.0,0.02342497227061891
