{
  "timestamp": "2026-01-05T10:27:36.586845",
  "n_sequences": 270,
  "predictions": {},
  "correlations": {
    "hyp_var_vs_codon_entropy": {
      "spearman_rho": 0.30553410553410554,
      "p_value": 0.06996824231656244,
      "confirmed": 1.0
    },
    "hyp_var_vs_within_aa_diversity": {
      "spearman_rho": 0.11402831402831404,
      "p_value": 0.5078498267201463,
      "confirmed": 0.0
    },
    "hyp_var_vs_consistency": {
      "spearman_rho": -0.13487773487773488,
      "p_value": 0.43286421559869503,
      "confirmed": 0.0
    }
  },
  "gene_stats": {
    "E": {
      "mean_hyp_var": 0.028369322046637536,
      "mean_codon_entropy": 3.2270811777624346,
      "mean_consistency": 0.3296396530359355
    },
    "NS1": {
      "mean_hyp_var": 0.029261764759818714,
      "mean_codon_entropy": 3.2600908866047944,
      "mean_consistency": 0.3321611822479233
    },
    "NS3": {
      "mean_hyp_var": 0.039298675023019314,
      "mean_codon_entropy": 3.2647846999460644,
      "mean_consistency": 0.3324767173050185
    },
    "NS5": {
      "mean_hyp_var": 0.029978226249416668,
      "mean_codon_entropy": 3.2426088808402476,
      "mean_consistency": 0.33327235044201636
    }
  },
  "summary": {
    "predictions_confirmed": 1.0,
    "conjecture_supported": 0.0
  }
}