{
  "s669": {
    "best_spearman": 0.5348557157592997,
    "qa_metrics": {
      "spearman": 0.5348557157592997,
      "spearman_p": 0.11116883762198614,
      "pearson": 0.6722228527069092,
      "pearson_p": 0.033222585916519165,
      "mae": 2.0203804969787598,
      "rmse": 2.2365615367889404,
      "mean_loss": 5.0022077560424805,
      "std_loss": 3.582021951675415,
      "residual_mean": -2.0203804969787598,
      "residual_std": 0.9593074321746826,
      "n_samples": 10
    }
  }
}