{
  "disease_results": {
    "HIV": {
      "name": "HIV",
      "status": "success",
      "n_samples": 84,
      "n_features": 12052,
      "spearman": 0.7126985359603095,
      "y_mean": 0.819444477558136,
      "y_std": 0.21108238399028778,
      "elapsed_seconds": 0.01815319061279297
    },
    "SARS-CoV-2": {
      "name": "SARS-CoV-2",
      "status": "success",
      "n_samples": 50,
      "n_features": 6864,
      "spearman": 0.6486986235526192,
      "y_mean": 0.563076913356781,
      "y_std": 0.2347751408815384,
      "elapsed_seconds": 0.011125564575195312
    },
    "Tuberculosis": {
      "name": "Tuberculosis",
      "status": "success",
      "n_samples": 65,
      "n_features": 11500,
      "spearman": 0.642921940647589,
      "y_mean": 0.8125640749931335,
      "y_std": 0.2665870189666748,
      "elapsed_seconds": 0.012064933776855469
    },
    "Influenza": {
      "name": "Influenza",
      "status": "success",
      "n_samples": 50,
      "n_features": 11500,
      "spearman": 0.7440172159064727,
      "y_mean": 0.8080000281333923,
      "y_std": 0.22046013176441193,
      "elapsed_seconds": 0.011686086654663086
    },
    "HCV": {
      "name": "HCV",
      "status": "success",
      "n_samples": 50,
      "n_features": 2300,
      "spearman": 0.6401605496789444,
      "y_mean": 0.7202929854393005,
      "y_std": 0.30293458700180054,
      "elapsed_seconds": 0.013478517532348633
    },
    "HBV": {
      "name": "HBV",
      "status": "success",
      "n_samples": 50,
      "n_features": 8050,
      "spearman": 0.4565263969327766,
      "y_mean": 0.9126666784286499,
      "y_std": 0.17624352872371674,
      "elapsed_seconds": 0.00741267204284668
    },
    "Malaria": {
      "name": "Malaria",
      "status": "success",
      "n_samples": 50,
      "n_features": 16698,
      "spearman": 0.6144539228388837,
      "y_mean": 0.7110170722007751,
      "y_std": 0.24289435148239136,
      "elapsed_seconds": 0.025717735290527344
    },
    "MRSA": {
      "name": "MRSA",
      "status": "success",
      "n_samples": 50,
      "n_features": 16100,
      "spearman": 0.8915127355076776,
      "y_mean": 0.4615592956542969,
      "y_std": 0.35109665989875793,
      "elapsed_seconds": 0.01645207405090332
    },
    "Candida": {
      "name": "Candida",
      "status": "success",
      "n_samples": 50,
      "n_features": 32200,
      "spearman": 0.678756597350831,
      "y_mean": 0.8203334212303162,
      "y_std": 0.23547327518463135,
      "elapsed_seconds": 0.02460026741027832
    },
    "RSV": {
      "name": "RSV",
      "status": "success",
      "n_samples": 50,
      "n_features": 13202,
      "spearman": 0.6264438650186526,
      "y_mean": 0.6905803084373474,
      "y_std": 0.24671490490436554,
      "elapsed_seconds": 0.0221710205078125
    },
    "E. coli TEM": {
      "name": "E. coli TEM",
      "status": "success",
      "n_samples": 50,
      "n_features": 6900,
      "spearman": 0.7882777761563952,
      "y_mean": 0.7526755332946777,
      "y_std": 0.24085193872451782,
      "elapsed_seconds": 0.007404327392578125
    },
    "Cancer": {
      "name": "Cancer",
      "status": "insufficient_samples",
      "n_samples": 7,
      "error": "Only 7 samples, need 50"
    }
  },
  "summary": {
    "total_diseases": 12,
    "successful": 11,
    "failed": 1,
    "failed_diseases": [
      "Cancer"
    ],
    "mean_spearman": 0.6767698326864683,
    "std_spearman": 0.10555594125914422,
    "min_spearman": 0.4565263969327766,
    "max_spearman": 0.8915127355076776,
    "total_samples": 599,
    "mean_samples_per_disease": 54.45454545454545,
    "ranking": [
      {
        "disease": "MRSA",
        "spearman": 0.8915127355076776
      },
      {
        "disease": "E. coli TEM",
        "spearman": 0.7882777761563952
      },
      {
        "disease": "Influenza",
        "spearman": 0.7440172159064727
      },
      {
        "disease": "HIV",
        "spearman": 0.7126985359603095
      },
      {
        "disease": "Candida",
        "spearman": 0.678756597350831
      },
      {
        "disease": "SARS-CoV-2",
        "spearman": 0.6486986235526192
      },
      {
        "disease": "Tuberculosis",
        "spearman": 0.642921940647589
      },
      {
        "disease": "HCV",
        "spearman": 0.6401605496789444
      },
      {
        "disease": "RSV",
        "spearman": 0.6264438650186526
      },
      {
        "disease": "Malaria",
        "spearman": 0.6144539228388837
      },
      {
        "disease": "HBV",
        "spearman": 0.4565263969327766
      }
    ]
  },
  "hiv_results": {
    "status": "success",
    "gene_results": {
      "RT": {
        "n_samples": 84,
        "n_features": 12052,
        "spearman": 0.75134622324504,
        "reference_length": 524,
        "n_mutation_positions": 19
      },
      "PR": {
        "n_samples": 93,
        "n_features": 2277,
        "spearman": 0.8818714952751356,
        "reference_length": 99,
        "n_mutation_positions": 19
      },
      "IN": {
        "n_samples": 71,
        "n_features": 6624,
        "spearman": 0.7841907265106708,
        "reference_length": 288,
        "n_mutation_positions": 15
      }
    },
    "drug_class_results": {
      "NRTI": {
        "n_drugs": 7,
        "mean_spearman": 0.7848961591789656,
        "min_spearman": 0.7848961591789655,
        "max_spearman": 0.7848961591789655
      },
      "NNRTI": {
        "n_drugs": 5,
        "mean_spearman": 0.6447115339092959,
        "min_spearman": 0.6447115339092959,
        "max_spearman": 0.6447115339092959
      },
      "PI": {
        "n_drugs": 8,
        "mean_spearman": 0.9112339948544573,
        "min_spearman": 0.9112339948544573,
        "max_spearman": 0.9112339948544573
      },
      "INSTI": {
        "n_drugs": 5,
        "mean_spearman": 0.8392342724898499,
        "min_spearman": 0.8392342724898499,
        "max_spearman": 0.8392342724898499
      }
    },
    "individual_drug_results": {
      "ABC": {
        "drug_class": "NRTI",
        "gene": "RT",
        "n_samples": 63,
        "spearman": 0.7848961591789655
      },
      "AZT": {
        "drug_class": "NRTI",
        "gene": "RT",
        "n_samples": 63,
        "spearman": 0.7848961591789655
      },
      "D4T": {
        "drug_class": "NRTI",
        "gene": "RT",
        "n_samples": 63,
        "spearman": 0.7848961591789655
      },
      "DDI": {
        "drug_class": "NRTI",
        "gene": "RT",
        "n_samples": 63,
        "spearman": 0.7848961591789655
      },
      "FTC": {
        "drug_class": "NRTI",
        "gene": "RT",
        "n_samples": 63,
        "spearman": 0.7848961591789655
      },
      "3TC": {
        "drug_class": "NRTI",
        "gene": "RT",
        "n_samples": 63,
        "spearman": 0.7848961591789655
      },
      "TDF": {
        "drug_class": "NRTI",
        "gene": "RT",
        "n_samples": 63,
        "spearman": 0.7848961591789655
      },
      "DOR": {
        "drug_class": "NNRTI",
        "gene": "RT",
        "n_samples": 62,
        "spearman": 0.6447115339092959
      },
      "EFV": {
        "drug_class": "NNRTI",
        "gene": "RT",
        "n_samples": 62,
        "spearman": 0.6447115339092959
      },
      "ETR": {
        "drug_class": "NNRTI",
        "gene": "RT",
        "n_samples": 62,
        "spearman": 0.6447115339092959
      },
      "NVP": {
        "drug_class": "NNRTI",
        "gene": "RT",
        "n_samples": 62,
        "spearman": 0.6447115339092959
      },
      "RPV": {
        "drug_class": "NNRTI",
        "gene": "RT",
        "n_samples": 62,
        "spearman": 0.6447115339092959
      },
      "ATV": {
        "drug_class": "PI",
        "gene": "PR",
        "n_samples": 93,
        "spearman": 0.9112339948544573
      },
      "DRV": {
        "drug_class": "PI",
        "gene": "PR",
        "n_samples": 93,
        "spearman": 0.9112339948544573
      },
      "FPV": {
        "drug_class": "PI",