{
  "analysis_date": "2025-12-19T05:01:29.001166",
  "total_samples": 3303,
  "goldilocks_count": 103,
  "goldilocks_rate": 0.031183772328186497,
  "known_acpa_in_goldilocks": 0,
  "known_acpa_total": 6,
  "known_acpa_goldilocks_rate": 0.0,
  "by_ptm_type": {
    "M->Q": 0.06382978723404255,
    "S->D": 0.0743295019157088,
    "R->Q": 0.0,
    "T->D": 0.0,
    "K->Q": 0.0,
    "N->Q": 0.0,
    "Y->D": 0.0
  }
}