{
  "spearman": 0.33979978356573687,
  "spearman_p": 9.9129825791227e-05,
  "pearson": 0.3870886266231537,
  "pearson_p": 7.549245765403612e-06,
  "mae": 0.7995675802230835,
  "rmse": 1.0718063116073608,
  "n_samples": 126,
  "s669_spearman": 0.3026647695972986,
  "s669_n": 100,
  "protherm_spearman": 0.5714184387921636,
  "protherm_n": 26
}