{
  "train_loss": [
    1.4530572841564815,
    1.168706809480985,
    1.049008737007777,
    0.9776217093070348,
    0.9362029880285263,
    0.9287591079870859,
    0.8365627576907476,
    0.9213696618874868,
    0.9184671739737192,
    0.8568878372510275,
    0.8337576687335968,
    0.8869177202383677,
    0.8494136134783427,
    0.8304814249277115,
    0.8380585163831711,
    0.8299688075979551,
    0.8334793349107107,
    0.8942009061574936,
    0.8079425046841303,
    0.9202609012524287,
    0.7757724871238073,
    0.882411410411199,
    0.8387626459201177,
    0.7952016393343607,
    0.7612795283397039,
    0.8282907654841741,
    0.771038884917895,
    0.7816356619199117,
    0.7581724474827448,
    0.8087029134233793,
    0.7377862731615702,
    0.7421301503976186,
    0.7244566455483437,
    0.7449939697980881,
    0.716898612678051,
    0.7373375246922175,
    0.7230567559599876,
    0.733456070224444,
    0.7071903819839159,
    0.7688875595728556,
    0.7060207476218542,
    0.6721128225326538,
    0.6961338793238004,
    0.7093743061025938,
    0.7320137371619543,
    0.7964089413483938,
    0.6952195217212042,
    0.672424299021562,
    0.7072038551171621,
    0.7020549873510996,
    0.7225365688403448,
    0.7078748047351837,
    0.7325681125124296,
    0.671456441283226,
    0.6987941364447275,
    0.69878617922465,
    0.6998536735773087
  ],
  "val_loss": [
    1.2216280102729797,
    1.2119541764259338,
    1.1511672139167786,
    1.1494359970092773,
    1.1408100724220276,
    1.1361802816390991,
    1.1257699131965637,
    1.128995954990387,
    1.1721588969230652,
    1.1400462985038757,
    1.1334086060523987,
    1.1483457684516907,
    1.1214184761047363,
    1.1384709477424622,
    1.1308990120887756,
    1.1442721486091614,
    1.127600610256195,
    1.124585747718811,
    1.1292557120323181,
    1.1044999361038208,
    1.1498783826828003,
    1.2472450137138367,
    1.1695134043693542,
    1.2393635511398315,
    1.1534335017204285,
    1.2428986430168152,
    1.1486005187034607,
    1.1191943883895874,
    1.2876786589622498,
    1.1559026837348938,
    1.1288806796073914,
    1.0926682949066162,
    1.1801704168319702,
    1.2115064859390259,
    1.22111576795578,
    1.172362744808197,
    1.118407428264618,
    1.1449569463729858,
    1.2075355052947998,
    1.1195069551467896,
    1.1502271890640259,
    1.1726961135864258,
    1.1149381399154663,
    1.1664965152740479,
    1.1686916947364807,
    1.1353627443313599,
    1.1311732530593872,
    1.1707585453987122,
    1.2325072884559631,
    1.1273225545883179,
    1.1955976486206055,
    1.163199782371521,
    1.1355611681938171,
    1.2007580995559692,
    1.130286991596222,
    1.1805057525634766,
    1.1409310698509216
  ],
  "val_spearman": [
    0.24000325453557148,
    0.232287352928602,
    0.2326925052883612,
    0.20403472837472786,
    0.21356631277913665,
    0.21911539954354212,
    0.21813403049434765,
    0.23453819937170864,
    0.2494538084680284,
    0.24673778709334643,
    0.245834447387513,
    0.22702037225173252,
    0.2320442615127465,
    0.2577579312787964,
    0.2475510929414556,
    0.24292035152583763,
    0.24142278835902403,
    0.29215686718664696,
    0.2378724532360972,
    0.23903389000074018,
    0.2295233134964671,
    0.2320532648985189,
    0.25341529820789604,
    0.24769214598522363,
    0.2894678559692823,
    0.31588078869699066,
    0.33979978356573687,
    0.2688380980360625,
    0.2835586337739797,
    0.26384722118954745,
    0.32282540025612216,
    0.3350760071638038,
    0.27201629321372905,
    0.2735918857239037,
    0.2612362393155438,
    0.2599097404784063,
    0.25680657351551,
    0.27927902440348634,
    0.29381949242595506,
    0.3112260382526462,
    0.32507324557063805,
    0.2828233572692316,
    0.3047526038822716,
    0.29104344847945696,
    0.3022406592517646,
    0.283240514143354,
    0.2931172283357058,
    0.2780995808672985,
    0.30205759040772523,
    0.30780775278771494,
    0.31406510589955133,
    0.322357224195956,
    0.316156892527345,
    0.317852530181152,
    0.27784748606567056,
    0.2905362577476102,
    0.31210536892975316
  ]
}