{
  "serotypes": {
    "DENV-1": {
      "trajectory": [
        {
          "time": "2015",
          "centroid": [
            0.4577551020408165,
            0.7518760396671208,
            2.9489795918367347,
            0.3240816326530613,
            0.4921779336734695,
            0.28561834076281406
          ],
          "n_sequences": 1,
          "variance": 0.0
        },
        {
          "time": "2019",
          "centroid": [
            0.46336734693877546,
            0.7643624732901572,
            2.9591836734693877,
            0.3212244897959185,
            0.4931457270408166,
            0.28752159764500806
          ],
          "n_sequences": 1,
          "variance": 0.0
        },
        {
          "time": "2023",
          "centroid": [
            0.4647959183673469,
            0.7686274996931871,
            2.979591836734694,
            0.3211224489795918,
            0.4949330357142857,
            0.28822483455650877
          ],
          "n_sequences": 1,
          "variance": 0.0
        }
      ],
      "velocity": {
        "direction": [
          0.06807169420350238,
          0.20322930115384039,
          0.9724527743357484,
          -0.004862263871686677,
          0.08516559062735829,
          0.033509369594603586
        ],
        "magnitude": 0.02098627697293222,
        "time_window": "2019 to 2023"
      },
      "forecast": {
        "current_position": [
          0.4647959183673469,
          0.7686274996931871,
          2.979591836734694,
          0.3211224489795918,
          0.4949330357142857,
          0.28822483455650877
        ],
        "predicted_position": [
          0.46622448979591835,
          0.7728925260962171,
          3.0000000000000004,
          0.3210204081632651,
          0.4967203443877548,
          0.2889280714680095
        ],
        "confidence": 0.905012232389328,
        "risk_score": 1.0053569024567999,
        "time_horizon": "1 periods ahead"
      }
    },
    "DENV-2": {
      "trajectory": [
        {
          "time": "2016",
          "centroid": [
            0.47306122448979604,
            0.7609102553484884,
            2.9081632653061225,
            0.33285714285714285,
            0.49258131377551034,
            0.284436249843377
          ],
          "n_sequences": 1,
          "variance": 0.0
        },
        {
          "time": "2020",
          "centroid": [
            0.4759183673469387,
            0.7720591224588764,
            2.9591836734693877,
            0.3291836734693878,
            0.4951674107142856,
            0.28626604761774915
          ],
          "n_sequences": 1,
          "variance": 0.0
        },
        {
          "time": "2024",
          "centroid": [
            0.48132653061224484,
            0.7685731671034279,
            2.9693877551020407,
            0.3372448979591838,
            0.4970742984693877,
            0.2878699548180325
          ],
          "n_sequences": 1,
          "variance": 0.0
        }
      ],
      "velocity": {
        "direction": [
          0.36737096644037665,
          -0.23679736078134594,
          0.6931527668686271,
          0.5475906858262236,
          0.12953292330858104,
          0.10895176594033971
        ],
        "magnitude": 0.01472125932462293,
        "time_window": "2020 to 2024"
      },
      "forecast": {
        "current_position": [
          0.48132653061224484,
          0.7685731671034279,
          2.9693877551020407,
          0.3372448979591838,
          0.4970742984693877,
          0.2878699548180325
        ],
        "predicted_position": [
          0.486734693877551,
          0.7650872117479794,
          2.9795918367346936,
          0.34530612244897974,
          0.49898118622448984,
          0.2894738620183159
        ],
        "confidence": 0.9010726984661611,
        "risk_score": 1.0044355304966572,
        "time_horizon": "1 periods ahead"
      }
    },
    "DENV-3": {
      "trajectory": [
        {
          "time": "2017",
          "centroid": [
            0.46326530612244887,
            0.7489845808025971,
            2.9081632653061225,
            0.3279591836734694,
            0.49408641581632673,
            0.2880037491987952
          ],
          "n_sequences": 1,
          "variance": 0.0
        },
        {
          "time": "2021",
          "centroid": [
            0.4742857142857145,
            0.7655819038259813,
            2.938775510204082,
            0.3310204081632651,
            0.5001961096938773,
            0.28739887380350526
          ],
          "n_sequences": 1,
          "variance": 0.0
        }
      ],
      "velocity": {
        "direction": [
          0.2965417466948942,
          0.44660770153864243,
          0.8237270741524655,
          0.08237270741524116,
          0.1644021952162497,
          -0.01627623982657324
        ],
        "magnitude": 0.03716309182802609,
        "time_window": "2017 to 2021"
      },
      "forecast": {
        "current_position": [
          0.4742857142857145,
          0.7655819038259813,
          2.938775510204082,
          0.3310204081632651,
          0.5001961096938773,
          0.28739887380350526
        ],
        "predicted_position": [
          0.4853061224489801,
          0.7821792268493656,
          2.969387755102041,
          0.33408163265306084,
          0.5063058035714278,
          0.28679399840821534
        ],
        "confidence": 0.3,
        "risk_score": 1.0126083979391238,
        "time_horizon": "1 periods ahead"
      }
    },
    "DENV-4": {
      "trajectory": [
        {
          "time": "2018",
          "centroid": [
            0.47428571428571403,
            0.7645417633258556,
            2.9591836734693877,
            0.3325510204081633,
            0.4940832270408163,
            0.28734084239968005
          ],
          "n_sequences": 1,
          "variance": 0.0
        },
        {
          "time": "2022",
          "centroid": [
            0.46897959183673454,
            0.7598003325475097,
            2.9591836734693877,
            0.33061224489795904,
            0.4928746811224489,
            0.2880888151017892
          ],
          "n_sequences": 1,
          "variance": 0.0
        }
      ],
      "velocity": {
        "direction": [
          -0.706447640313707,
          -0.6312656025715054,
          0.0,
          -0.2581250993454232,
          -0.16090363923011367,
          0.09958374604146038
        ],
        "magnitude": 0.007510991821875487,
        "time_window": "2018 to 2022"
      },
      "forecast": {
        "current_position": [
          0.46897959183673454,
          0.7598003325475097,
          2.9591836734693877,
          0.33061224489795904,
          0.4928746811224489,
          0.2880888151017892
        ],
        "predicted_position": [
          0.46367346938775506,
          0.7550589017691638,
          2.9591836734693877,
          0.32867346938775477,
          0.49166613520408153,
          0.2888367878038983
        ],
        "confidence": 0.3,
        "risk_score": 0.9976501942794599,
        "time_horizon": "1 periods ahead"
      }
    }
  },
  "summary": {
    "total_serotypes": 4,
    "fastest_moving": "DENV-3",
    "highest_risk": "DENV-3"
  }
}