{
  "spearman": 0.8220696988379637,
  "spearman_p": 1.4033246681789914e-09,
  "pearson": 0.8958886861801147,
  "pearson_p": 3.60382839022233e-13,
  "mae": 0.5268204808235168,
  "rmse": 0.6227362155914307,
  "mean_loss": 0.387800395488739,
  "std_loss": 0.4480002522468567,
  "residual_mean": 0.2510991096496582,
  "residual_std": 0.5698680877685547,
  "n_samples": 35
}