{
  "train_loss": [
    1.7666142251756456,
    0.9930519064267477,
    0.9101342492633395,
    0.7204793128702376,
    0.6070370508564843,
    0.6771512826283773,
    0.6001216471195221,
    0.49665286143620807,
    0.5389028307464387,
    0.4856742521127065,
    0.48404038945833844,
    0.4380895727210575,
    0.3676834934287601,
    0.4074680639637841,
    0.4278244011931949,
    0.36845477090941536,
    0.43783116340637207,
    0.36741052236821914,
    0.3257212315996488,
    0.3940589957767063
  ],
  "val_loss": [
    0.8154038588205973,
    0.5791713992754618,
    0.498898446559906,
    0.7555732528368632,
    0.7472675840059916,
    0.8958786129951477,
    0.5141564955314001,
    0.7278420726458231,
    0.6522623002529144,
    0.5008111099402109,
    0.5145784467458725,
    0.6172952651977539,
    0.6041410714387894,
    0.8595708906650543,
    0.5400501489639282,
    0.7519169449806213,
    0.8964758018652598,
    0.7562217811743418,
    0.7681594987710317,
    0.6402645508448283
  ],
  "val_spearman": [
    0.06069822576961553,
    0.2050809088263278,
    0.5840706161454875,
    0.774836468564279,
    0.717733608084153,
    0.7151957031739251,
    0.7982415916252691,
    0.7205535024288506,
    0.7197075341254413,
    0.8249897528608972,
    0.8021243396934951,
    0.805432322204248,
    0.7605960021235563,
    0.7573815250387637,
    0.8192028273061844,
    0.7782203417779163,
    0.7669407643991258,
    0.7638511415478201,
    0.7625454226019186,
    0.7810402361226139
  ],
  "val_pearson": [
    0.7710381746292114,
    0.8083233833312988,
    0.8783779740333557,
    0.8814777135848999,
    0.8628009557723999,
    0.8512382507324219,
    0.8721623420715332,
    0.8686238527297974,
    0.8607114553451538,
    0.8958888053894043,
    0.8718128800392151,
    0.8774653077125549,
    0.863986611366272,
    0.866300106048584,
    0.8721764087677002,
    0.870663046836853,
    0.8565740585327148,
    0.8451108932495117,
    0.8499885201454163,
    0.867224931716919
  ]
}