{
  "train_loss": [
    2.9475255012512207,
    2.726342944537892,
    2.473078734734479,
    2.5157613614026237,
    2.495329688577091,
    2.4707773573258343,
    2.530458085677203,
    2.3774893353967106,
    2.477085316882414,
    2.4009926669737873,
    2.4407507742152497,
    2.429271697998047,
    2.292056876070359,
    2.3118668584262623,
    2.3579382686054005,
    2.32239531769472,
    2.263565175673541,
    2.2914056602646324,
    2.2782278025851532,
    2.312891553429996,
    2.297774083474103,
    2.2872881328358368,
    2.2365266785902134,
    2.284930201137767,
    2.189034342765808,
    2.1802012149025414,
    2.2093727518530453,
    2.1444112202700447,
    2.2086854156325844,
    2.2606837959850536,
    2.214887086082907,
    2.174218963174259,
    2.1986968377057243,
    2.1984857531154858,
    2.1817075154360603,
    2.2274568221148323,
    2.1158505397684433,
    2.1978211753508625,
    2.207724052317002,
    2.1668109473060158,
    2.1970826632836284,
    2.1756722506354835,
    2.0866494669633755,
    2.144738221869749,
    2.1503954073962044,
    2.131293296813965,
    2.159041239934809,
    2.046329610487994,
    2.1888160670504853,
    2.1281862258911133,
    2.133916546316708,
    2.045369779362398,
    2.123343460700091,
    2.0585501544615803,
    2.0486063887091244,
    2.025316182304831,
    2.1248863584855022,
    2.051533018841463,
    2.015405577771804,
    2.0240615080384647,
    2.096912377020892,
    2.0096979632097134
  ],
  "val_loss": [
    2.326453971862793,
    2.3491528272628783,
    2.4496159315109254,
    2.235549807548523,
    2.2310540676116943,
    2.2890479803085326,
    2.3715648651123047,
    2.200757050514221,
    2.42567241191864,
    2.190732645988464,
    2.3574661016464233,
    2.193319392204285,
    2.234797549247742,
    2.1456059575080872,
    2.099148654937744,
    2.255742311477661,
    2.2025492668151854,
    2.096232295036316,
    2.1797632694244387,
    2.1411402225494385,
    2.0858164072036742,
    2.151663839817047,
    2.1452582597732546,
    2.1048521041870116,
    2.085535264015198,
    2.10344911813736,
    2.1483476519584657,
    2.149414801597595,
    2.1753690242767334,
    2.1845561504364013,
    2.228395938873291,
    2.058441627025604,
    2.1437003016471863,
    2.216922926902771,
    2.104768753051758,
    2.2279502153396606,
    2.0663557291030883,
    2.1234017252922057,
    2.086902415752411,
    2.1184190988540648,
    2.221530246734619,
    2.101836061477661,
    2.131972312927246,
    2.221617579460144,
    2.2134218215942383,
    2.213170886039734,
    2.13768265247345,
    2.213116669654846,
    2.238214945793152,
    2.259873557090759,
    2.149802541732788,
    2.2425402641296386,
    2.2356849193572996,
    2.111200273036957,
    2.190124440193176,
    2.2126592874526976,
    2.3492215633392335,
    2.2066601753234862,
    2.258279728889465,
    2.156154918670654,
    2.2591233968734743,
    2.198289084434509
  ],
  "val_spearman": [
    0.3110871739676905,
    0.3123979568391428,
    0.3417977865273338,
    0.3662063122186685,
    0.3807166283285593,
    0.3522922155402084,
    0.3547577802547095,
    0.4108505231580459,
    0.36875269842326647,
    0.38635031931816854,
    0.39287990323560107,
    0.39881944695531313,
    0.4314216505531978,
    0.43112167480839114,
    0.4245071582984333,
    0.4229565346261516,
    0.42617772944430554,
    0.43318685807229873,
    0.43275054172887434,
    0.43960755303417415,
    0.4457311270732874,
    0.4559498412510579,
    0.450351873983635,
    0.442301925611384,
    0.45903714316244415,
    0.4591672691107753,
    0.43938302198607326,
    0.432192925468481,
    0.45276558275071893,
    0.41505967560487833,
    0.4259290195243046,
    0.4655740584491977,
    0.45809357022290464,
    0.4253778978607844,
    0.4385006097756386,
    0.41878740130118863,
    0.4499691506061905,
    0.449081232370519,
    0.4403320394869066,
    0.4334865304842436,
    0.4128449829940657,
    0.436432439293561,
    0.42999864477113203,
    0.4327006718158908,
    0.41619093313925803,
    0.41947630338058894,
    0.42335825833621216,
    0.4037163682094223,
    0.3939030778187191,
    0.38634791587205436,
    0.40132756082216664,
    0.41951306108743686,
    0.4027640492321753,
    0.43043314225998686,
    0.41565417258450893,
    0.407948675251958,
    0.39754038245473955,
    0.40695869744896795,
    0.41874657747426125,
    0.41818047212724346,
    0.42039845156210504,
    0.41583116352275024
  ],
  "val_pearson": [
    0.3172675371170044,
    0.30330878496170044,
    0.3020707666873932,
    0.3340223431587219,
    0.3505004346370697,
    0.33277907967567444,
    0.3323619067668915,
    0.3426569998264313,
    0.32643258571624756,
    0.34598836302757263,
    0.33896294236183167,
    0.35542958974838257,
    0.3715209662914276,
    0.37644317746162415,
    0.3829241096973419,
    0.37931397557258606,
    0.38058578968048096,
    0.39302733540534973,
    0.37744420766830444,
    0.3900447189807892,
    0.40432414412498474,
    0.397442102432251,
    0.40363821387290955,
    0.4058065414428711,
    0.40434080362319946,
    0.3979088366031647,
    0.40502360463142395,
    0.39445003867149353,
    0.3889463245868683,
    0.38601815700531006,
    0.38437801599502563,
    0.40689101815223694,
    0.41601651906967163,
    0.38193511962890625,
    0.39361637830734253,
    0.3806553781032562,
    0.41225433349609375,
    0.4073164463043213,
    0.40997210144996643,
    0.406195729970932,
    0.38867825269699097,
    0.39981234073638916,
    0.39570316672325134,
    0.3904612362384796,
    0.38031530380249023,
    0.3998950719833374,
    0.4049757421016693,
    0.3904052972793579,
    0.3759850859642029,
    0.3703633248806,
    0.3836168646812439,
    0.402376651763916,
    0.39699187874794006,
    0.4121561646461487,
    0.395887166261673,
    0.397678017616272,
    0.3693716824054718,
    0.38976243138313293,
    0.39153793454170227,
    0.4019935131072998,
    0.3951398730278015,
    0.3912305235862732
  ]
}