{
  "total_residues": 1000,
  "rosetta_blind": 0,
  "classification_counts": {
    "Geometry-Blind": 460,
    "Concordant-Stable": 287,
    "Concordant-Unstable": 253
  },
  "thresholds": {
    "euclidean": 0.1667706647245235,
    "hyperbolic": 7.600402334500399
  },
  "correlations": {
    "eucl_hyp_pearson": -0.12767020266727458,
    "eucl_hyp_spearman": 0.12968994484991297
  }
}