{
  "timestamp": "2025-12-28T07:06:45.991737",
  "hyperbolic": {
    "metric": "hyperbolic",
    "n_epistatic_pairs": 300,
    "n_non_epistatic_pairs": 270,
    "epistatic_mean_dist": 5.5267944288253785,
    "epistatic_std_dist": 1.5217519867764675,
    "non_epistatic_mean_dist": 5.061211637214378,
    "non_epistatic_std_dist": 1.486166282905656,
    "roc_auc": 0.33112345679012345,
    "pr_auc": 0.44938395209239335,
    "mann_whitney_stat": 54179.0,
    "mann_whitney_pvalue": 0.9999999999984058,
    "distance_ratio": 0.9157589815205138
  },
  "euclidean": {
    "metric": "euclidean",
    "n_epistatic_pairs": 300,
    "n_non_epistatic_pairs": 270,
    "epistatic_mean_dist": 1.2424399852752686,
    "epistatic_std_dist": 0.40212827920913696,
    "non_epistatic_mean_dist": 1.227364420890808,
    "non_epistatic_std_dist": 0.3874562680721283,
    "roc_auc": 0.4858765432098765,
    "pr_auc": 0.5376729456449246,
    "mann_whitney_stat": 41644.0,
    "mann_whitney_pvalue": 0.7200793628439125,
    "distance_ratio": 0.9878661632537842
  },
  "hyperbolic_wins": 0,
  "conclusion": "Mixed results"
}