{
  "timestamp": "2026-01-05T10:29:36.429436",
  "data_path": "C:\\Users\\Gestalt\\Desktop\\ternary\\repos\\ternary-vaes\\deliverables\\partners\\jose_colbes\\reproducibility\\data\\s669_full.csv",
  "n_mutations": 669,
  "results": {
    "physicochemical": {
      "model_name": "physicochemical",
      "spearman": 0.36637734517167836,
      "spearman_std": 0.00625761756292459,
      "pearson": 0.3454213961069166,
      "pearson_std": 0.0028554802889689678,
      "mae": 1.1524400221778273,
      "mae_std": 0.001874100021609119,
      "rmse": 1.5352552872500276,
      "rmse_std": 0.001987549036077125,
      "r2": 0.11805608487179316,
      "r2_std": 0.002282493324334166,
      "n_samples": 669,
      "n_features": 6,
      "training_time": 0.0,
      "metadata": {
        "n_folds": 5,
        "n_repeats": 3
      }
    },
    "random": {
      "model_name": "random",
      "spearman": 0.003130995523302649,
      "spearman_std": 0.024341920329429893,
      "pearson": -0.004015998454217005,
      "pearson_std": 0.026945294177486877,
      "mae": 1.24877754693053,
      "mae_std": 0.004852622388632338,
      "rmse": 1.643933668184415,
      "rmse_std": 0.005071068830104142,
      "r2": -0.01123420086406838,
      "r2_std": 0.006245110142529181,
      "n_samples": 669,
      "n_features": 6,
      "training_time": 0.0,
      "metadata": {
        "n_folds": 5,
        "n_repeats": 3
      }
    },
    "padic_p2": {
      "model_name": "padic_p2",
      "spearman": 0.3502271532398365,
      "spearman_std": 0.005431738803902821,
      "pearson": 0.32460346196055306,
      "pearson_std": 0.003398764111041242,
      "mae": 1.1558803919855951,
      "mae_std": 0.0011824011578621318,
      "rmse": 1.5473756770050435,
      "rmse_std": 0.0022133170889107392,
      "r2": 0.10407540848651842,
      "r2_std": 0.0025618795493828036,
      "n_samples": 669,
      "n_features": 6,
      "training_time": 0.0,
      "metadata": {
        "n_folds": 5,
        "n_repeats": 3
      }
    },
    "padic_p3": {
      "model_name": "padic_p3",
      "spearman": 0.34283113959696404,
      "spearman_std": 0.0071459316412246345,
      "pearson": 0.31390344628792627,
      "pearson_std": 0.005584160599847946,
      "mae": 1.160534842335818,
      "mae_std": 0.0034576733463556534,
      "rmse": 1.5535653090200086,
      "rmse_std": 0.0035182663851772615,
      "r2": 0.09689074267763798,
      "r2_std": 0.004087298226979546,
      "n_samples": 669,
      "n_features": 6,
      "training_time": 0.0,
      "metadata": {
        "n_folds": 5,
        "n_repeats": 3
      }
    },
    "padic_p5": {
      "model_name": "padic_p5",
      "spearman": 0.3537632484213864,
      "spearman_std": 0.005323839658156773,
      "pearson": 0.3076994520284826,
      "pearson_std": 0.004625926700548554,
      "mae": 1.1566960652577545,
      "mae_std": 0.002372992683384959,
      "rmse": 1.5571234944128893,
      "rmse_std": 0.0028159562038197992,
      "r2": 0.09275084516700516,
      "r2_std": 0.0032798669546276757,
      "n_samples": 669,
      "n_features": 6,
      "training_time": 0.0,
      "metadata": {
        "n_folds": 5,
        "n_repeats": 3
      }
    },
    "padic_p7": {
      "model_name": "padic_p7",
      "spearman": 0.3466917525551538,
      "spearman_std": 0.0066222878271554415,
      "pearson": 0.3040214724553966,
      "pearson_std": 0.006864722936290012,
      "mae": 1.1601285556071785,
      "mae_std": 0.002628616929034689,
      "rmse": 1.5590061996915383,
      "rmse_std": 0.004115367707542671,
      "r2": 0.09055226088036412,
      "r2_std": 0.004797176360461844,
      "n_samples": 669,
      "n_features": 6,
      "training_time": 0.0,
      "metadata": {
        "n_folds": 5,
        "n_repeats": 3
      }
    },
    "padic_p11": {
      "model_name": "padic_p11",
      "spearman": 0.34853443665519945,
      "spearman_std": 0.003417781993004922,
      "pearson": 0.30936215312738297,
      "pearson_std": 0.005550209409135899,
      "mae": 1.157642175565221,
      "mae_std": 0.00237178128265118,
      "rmse": 1.5561281513437777,
      "rmse_std": 0.003397277930524989,
      "r2": 0.09390898114583868,
      "r2_std": 0.003953549591549254,
      "n_samples": 669,
      "n_features": 6,
      "training_time": 0.0,
      "metadata": {
        "n_folds": 5,
        "n_repeats": 3
      }
    },
    "ensemble_full": {
      "model_name": "ensemble",
      "spearman": 0.33311842396310015,
      "spearman_std": 0.0049252092277508085,
      "pearson": 0.3148463987534273,
      "pearson_std": 0.007392969400540867,
      "mae": 1.1647164778008372,
      "mae_std": 0.00515946085708934,
      "rmse": 1.5553625899606212,
      "rmse_std": 0.005178397614281499,
      "r2": 0.09479457334188397,
      "r2_std": 0.0060337166680848485,
      "n_samples": 669,
      "n_features": 30,
      "training_time": 0.0,
      "metadata": {
        "n_folds": 5,
        "n_repeats": 3
      }
    },
    "ensemble_top2": {
      "model_name": "ensemble",
      "spearman": 0.34476757696569615,
      "spearman_std": 0.004562908156914086,
      "pearson": 0.31644328102611247,
      "pearson_std": 0.003490171569373984,
      "mae": 1.1579663209332234,
      "mae_std": 0.0011415628619094531,
      "rmse": 1.5527519197890882,
      "rmse_std": 0.0023419914404958484,
      "r2": 0.09783873867438035,
      "r2_std": 0.002722869862982305,
      "n_samples": 669,
      "n_features": 12,
      "training_time": 0.0,
      "metadata": {
        "n_folds": 5,
        "n_repeats": 3
      }
    },
    "ensemble_gb": {
      "model_name": "ensemble",
      "spearman": 0.3324510316798795,
      "spearman_std": 0.015456636109490194,
      "pearson": 0.30180203959166135,
      "pearson_std": 0.0025092588234084164,
      "mae": 1.186200264725113,
      "mae_std": 0.0029716162460893558,
      "rmse": 1.6237625025261657,
      "rmse_std": 0.002972743992707201,
      "r2": 0.013435444056575116,
      "r2_std": 0.0036133842579723252,
      "n_samples": 669,
      "n_features": 30,
      "training_time": 0.0,
      "metadata": {
        "n_folds": 5,
        "n_repeats": 3
      }
    },
    "regressor_ridge": {
      "model_name": "ensemble",
      "spearman": 0.33311842396310015,
      "spearman_std": 0.0049252092277508085,
      "pearson": 0.3148463987534273,
      "pearson_std": 0.007392969400540867,
      "mae": 1.1647164778008372,
      "mae_std": 0.00515946085708934,
      "rmse": 1.5553625899606212,
      "rmse_std": 0.005178397614281499,
      "r2": 0.09479457334188397,
      "r2_std": 0.0060337166680848485,
      "n_samples": 669,
      "n_features": 30,
      "training_time": 0.0,
      "metadata": {
        "n_folds": 5,
        "n_repeats": 3
      }
    },
    "regressor_lasso": {
      "model_name": "ensemble",
      "spearman": 0.3218833730928273,
      "spearman_std": 0.00482430422480232,
      "pearson": 0.31021696283758904,
      "pearson_std": 0.005167568972400108,
      "mae": 1.1651538442556129,
      "mae_std": 0.002504346788629187,
      "rmse": 1.5570443993671343,
      "rmse_std": 0.0021117512865666643,
      "r2": 0.09284430952588296,
      "r2_std": 0.0024600585910245997,
      "n_samples": 669,
      "n_features": 30,
      "training_time": 0.0,
      "metadata": {
        "n_folds": 5,
        "n_repeats": 3
      }
    },
    "regressor_elasticnet": {
      "model_name": "ensemble",
      "spearman": 0.3285718047064461,
      "spearman_std": 0.0027066245143943938,
      "pearson": 0.3165483109450996,
      "pearson_std": 0.004746262838899202,
      "mae": 1.1594453779602363,
      "mae_std": 0.0018535102478715007,
      "rmse": 1.5509514827785544,
      "rmse_std": 0.002434817021203399,
      "r2": 0.09992949162544269,
      "r2_std": 0.0028254477509432867,
      "n_samples": 669,
      "n_features": 30,
      "training_time": 0.0,
      "metadata": {
        "n_folds": 5,
        "n_repeats": 3
      }
    },
    "regressor_randomforest": {
      "model_name": "ensemble",