{
  "train_loss": [
    9.10325574874878,
    5.01692008972168,
    2.5079797208309174,
    2.278837263584137,
    2.161087691783905,
    2.540289044380188,
    2.2119067907333374,
    1.9648997783660889,
    1.602063238620758,
    1.8671174049377441,
    1.8842735290527344
  ],
  "val_loss": [
    5.002208232879639,
    2.3598592281341553,
    1.3304904699325562,
    0.8929645419120789,
    0.922094464302063,
    1.0706205368041992,
    1.158035159111023,
    1.1151050329208374,
    0.9992660880088806,
    0.9703888297080994,
    1.0133453607559204
  ],
  "val_spearman": [
    0.5348557157592997,
    0.35237553038259745,
    0.35237553038259745,
    0.35237553038259745,
    0.35237553038259745,
    0.35237553038259745,
    0.35237553038259745,
    0.35237553038259745,
    0.35237553038259745,
    0.35237553038259745,
    0.35237553038259745
  ],
  "val_pearson": [
    0.6722228527069092,
    0.6337690353393555,
    0.6286259889602661,
    0.663672685623169,
    0.7016571164131165,
    0.72280353307724,
    0.7328736186027527,
    0.7388994693756104,
    0.7301720976829529,
    0.7092149257659912,
    0.6869022250175476
  ]
}