{
  "spearman": 0.889069367539913,
  "spearman_p": 9.742370652779369e-13,
  "pearson": 0.9194620847702026,
  "pearson_p": 6.238590780039896e-15,
  "mae": 0.41466858983039856,
  "rmse": 0.528606653213501,
  "mean_loss": 0.2794249653816223,
  "std_loss": 0.4125271439552307,
  "residual_mean": 0.17690879106521606,
  "residual_std": 0.49812474846839905,
  "n_samples": 35
}