{
  "s669": {
    "best_spearman": 0.5348557157592997,
    "qa_metrics": {
      "spearman": 0.5348557157592997,
      "spearman_p": 0.11116883762198614,
      "pearson": 0.6722228527069092,
      "pearson_p": 0.033222585916519165,
      "mae": 2.0203804969787598,
      "rmse": 2.2365615367889404,
      "mean_loss": 5.0022077560424805,
      "std_loss": 3.582021951675415,
      "residual_mean": -2.0203804969787598,
      "residual_std": 0.9593074321746826,
      "n_samples": 10
    }
  },
  "protherm": {
    "best_spearman": 0.8249897528608972,
    "qa_metrics": {
      "spearman": 0.8220696988379637,
      "spearman_p": 1.4033246681789914e-09,
      "pearson": 0.8958886861801147,
      "pearson_p": 3.60382839022233e-13,
      "mae": 0.5268204808235168,
      "rmse": 0.6227362155914307,
      "mean_loss": 0.387800395488739,
      "std_loss": 0.4480002522468567,
      "residual_mean": 0.2510991096496582,
      "residual_std": 0.5698680877685547,
      "n_samples": 35
    }
  }
}