{
  "combined_spearman": 0.5882354513029275,
  "s669_spearman": 0.47772966574712294,
  "protherm_spearman": 0.6316178935846096,
  "s669_transformer_spearman": 0.5067500887953932,
  "training_history": {
    "train_loss": [
      2.2752602615139703,
      2.0267548696561293,
      1.9953233003616333,
      1.909458664330569,
      1.8465395596894352,
      1.872413231567903,
      1.8576091040264477,
      1.8390347361564636,
      1.8640564354983242,
      1.8299000263214111,
      1.8427727791396054,
      1.8351851728829471,
      1.8759962564164943,
      1.8892207254063,
      1.8449913290413944,
      1.825108448212797,
      1.8085967708717694,
      1.811379928480495,
      1.8503615801984614,
      1.897167300636118,
      1.81686223636974,
      1.8329687145623295,
      2.0752208774740044,
      1.901045636697249,
      1.8833310387351296,
      1.8036985776641152,
      1.995495530692014,
      1.8193409388715571,
      1.851240266453136,
      1.797124450856989,
      1.7897421961480922,
      1.7554525272412733,
      1.7724538445472717,
      1.8463849127292633,
      1.7807165628129786,
      1.880063994364305,
      1.7902089790864424,
      1.7711883864619515
    ],
    "val_loss": [
      2.2175121307373047,
      2.0879056453704834,
      1.9851713180541992,
      2.042146921157837,
      1.9359395503997803,
      1.9922115802764893,
      1.9233940839767456,
      1.91673743724823,
      1.9717317819595337,
      1.9347646236419678,
      1.9520989656448364,
      1.9103995561599731,
      1.9563744068145752,
      1.9545032978057861,
      2.0441482067108154,
      1.9865955114364624,
      1.9692436456680298,
      1.9122434854507446,
      1.9638639688491821,
      1.955063819885254,
      1.93463134765625,
      2.009827136993408,
      2.016810894012451,
      1.9299695491790771,
      2.038353204727173,
      1.9339431524276733,
      1.99871826171875,
      1.9381638765335083,
      2.003087282180786,
      1.93265962600708,
      1.9451264142990112,
      1.95420503616333,
      1.9409409761428833,
      1.981408953666687,
      1.933570146560669,
      1.9376468658447266,
      1.9388469457626343,
      1.9211345911026
    ],
    "val_spearman": [
      0.5433632623333113,
      0.545675287744379,
      0.5524096272283345,
      0.5711466919690064,
      0.5768943553520992,
      0.5638523801750195,
      0.5638853916430782,
      0.5862696122807433,
      0.585479782341267,
      0.5783908752374226,
      0.5730613571164055,
      0.5547130941106462,
      0.55236805723152,
      0.5612823762543088,
      0.5625527064510826,
      0.5455689174584123,
      0.5407700281202631,
      0.5609706012781998,
      0.5600792916406173,
      0.5645126095361918,
      0.5545015761856782,
      0.551359373485285,
      0.5362963628748394,
      0.5597870790159505,
      0.5312676159072451,
      0.556734129544012,
      0.5583333517744067,
      0.5628571455454009,
      0.5448035404582386,
      0.5645933042358905,
      0.5502944479786536,
      0.5659785632473868,
      0.560971823925165,
      0.5521455354838658,
      0.5548145738087523,
      0.5482086122561357,
      0.5521027428400861,
      0.549831064778868
    ],
    "best_spearman": 0.5862696122807433
  }
}