{
  "folding_rates": {
    "correlations": {
      "mass": {
        "spearman": 0.2843137254901961,
        "p_value": 0.2687318993678436
      },
      "property": {
        "spearman": -0.5588235294117647,
        "p_value": 0.01970856591580171
      },
      "padic": {
        "spearman": 0.23529411764705882,
        "p_value": 0.363295114375383
      },
      "kinetic": {
        "spearman": 0.35539215686274517,
        "p_value": 0.16154091235760826
      },
      "mean_mass_only": {
        "spearman": 0.2843137254901961,
        "p_value": 0.2687318993678436
      }
    },
    "n_samples": 17
  },
  "disorder": {
    "correlations": {
      "mass": {
        "spearman": -0.09523809523809526,
        "p_value": 0.8225054302036114
      },
      "property": {
        "spearman": -0.3571428571428572,
        "p_value": 0.3851206435562562
      },
      "padic": {
        "spearman": -0.261904761904762,
        "p_value": 0.530922861565801
      },
      "disorder_scale": {
        "spearman": 0.4761904761904762,
        "p_value": 0.23293553465009798
      }
    },
    "n_samples": 8
  },
  "aggregation": {
    "correlations": {
      "mass": {
        "spearman": 0.03228882999689742,
        "p_value": 0.9090525171838142
      },
      "property": {
        "spearman": 0.7008575452267733,
        "p_value": 0.0036068232229403826
      },
      "padic": {
        "spearman": -0.03707030062139605,
        "p_value": 0.8956480168651075
      },
      "agg_scale": {
        "spearman": 0.7540391475746044,
        "p_value": 0.0011645668078587397
      }
    },
    "n_samples": 15
  }
}