{
  "benchmarks": {
    "ddg": {
      "mass": {
        "spearman": 0.8321283900514193,
        "p_value": 4.041715134790561e-08
      },
      "property_hv": {
        "spearman": 0.74691714487134,
        "p_value": 4.981805559131913e-06
      },
      "mass_hydro": {
        "spearman": 0.6447887843383039,
        "p_value": 0.0002122847224288262
      },
      "full_property": {
        "spearman": 0.7574060035206789,
        "p_value": 3.067858114228596e-06
      },
      "padic_radial": {
        "spearman": 0.5752310901374252,
        "p_value": 0.0013633091001927025
      }
    },
    "substitution": {
      "mass": {
        "spearman": -0.48923485568444575,
        "p_value": 0.004488089251848718
      },
      "property_hv": {
        "spearman": -0.5811744242393885,
        "p_value": 0.00048649718711711023
      },
      "mass_hydro": {
        "spearman": -0.41294456084836023,
        "p_value": 0.018826383349016443
      },
      "full_property": {
        "spearman": -0.5421965761094453,
        "p_value": 0.0013479462616202288
      },
      "padic_radial": {
        "spearman": -0.48813766581548573,
        "p_value": 0.0045923302979458454
      }
    },
    "aggregation": {
      "mass": {
        "spearman": 0.06014517896988709,
        "p_value": 0.8011294096767816
      },
      "property_hv": {
        "spearman": 0.18824018777953372,
        "p_value": 0.4267449079905702
      },
      "mass_hydro": {
        "spearman": 0.21101117823673537,
        "p_value": 0.3718445536444599
      },
      "full_property": {
        "spearman": 0.10626462213360774,
        "p_value": 0.6556721476725497
      },
      "padic_radial": {
        "spearman": -0.09737661842890229,
        "p_value": 0.6829697091379687
      }
    }
  },
  "task_winners": {
    "ddg": "mass",
    "substitution": "property_hv",
    "aggregation": "mass_hydro"
  },
  "mass_radius_correlation": 0.7600758147888904
}