{
  "amino_acid_radii": {
    "F": 0.5351698994636536,
    "L": 0.2790137529373169,
    "S": 0.27969539165496826,
    "Y": 0.7072798609733582,
    "C": 0.4487987756729126,
    "W": 0.8003926277160645,
    "P": 0.279922217130661,
    "H": 0.6219218969345093,
    "Q": 0.7072798609733582,
    "R": 0.279922217130661,
    "I": 0.3638335168361664,
    "M": 0.36462631821632385,
    "T": 0.2790393829345703,
    "N": 0.6177793145179749,
    "K": 0.6177793145179749,
    "V": 0.3635784685611725,
    "A": 0.10737395286560059,
    "D": 0.449694961309433,
    "E": 0.5124471187591553,
    "G": 0.10737395286560059
  },
  "physical_invariants": {
    "radius_correlations": {
      "hydropathy": -0.40967603435955435,
      "volume": 0.5551792621401509,
      "charge": -0.0582551728035463,
      "mass": 0.7600758147888903
    },
    "dimension_correlations": {
      "dim_0": {
        "hydropathy": -0.407408454833579,
        "volume": 0.4489645050685616,
        "charge": -0.13592873654160803
      },
      "dim_1": {
        "hydropathy": -0.03628127241560629,
        "volume": 0.09642190712881861,
        "charge": -0.40778620962482415
      },
      "dim_2": {
        "hydropathy": 0.4308401099353248,
        "volume": -0.39924695920526443,
        "charge": 0.0582551728035463
      },
      "dim_3": {
        "hydropathy": 0.19116047198291672,
        "volume": -0.30722900276625503,
        "charge": 0.18440519259640833
      },
      "dim_4": {
        "hydropathy": 0.3953146973617102,
        "volume": -0.30056516362811425,
        "charge": -0.13592873654160803
      },
      "dim_5": {
        "hydropathy": 0.09973589842586957,
        "volume": -0.27560248777561114,
        "charge": 0.3979269945501443
      },
      "dim_6": {
        "hydropathy": 0.05591254911753294,
        "volume": 0.21611451910273333,
        "charge": -0.32028270293060396
      },
      "dim_7": {
        "hydropathy": -0.024943374785729323,
        "volume": 0.4406782474246787,
        "charge": 0.13592873654160803
      },
      "dim_8": {
        "hydropathy": 0.01662891652381955,
        "volume": 0.32843712115753837,
        "charge": 0.1747655184106389
      },
      "dim_9": {
        "hydropathy": 0.23431655101745733,
        "volume": -0.0625235804038433,
        "charge": -0.1165103456070926
      },
      "dim_10": {
        "hydropathy": 0.4006057162556528,
        "volume": 0.08738235333549185,
        "charge": -0.07767356373806174
      },
      "dim_11": {
        "hydropathy": -0.24036342975339173,
        "volume": -0.002259888448331686,
        "charge": 0.019418390934515434
      },
      "dim_12": {
        "hydropathy": -0.05971292751735202,
        "volume": 0.05800380350717994,
        "charge": -0.3689494277557932
      },
      "dim_13": {
        "hydropathy": 0.30612323600667807,
        "volume": -0.5838045158190189,
        "charge": 0.03883678186903087
      },
      "dim_14": {
        "hydropathy": -0.26984196359107177,
        "volume": 0.4082865129985912,
        "charge": -0.13592873654160803
      },
      "dim_15": {
        "hydropathy": 0.40967603435955435,
        "volume": -0.143879564543784,
        "charge": -0.019418390934515434
      }
    },
    "best_dimensions": {
      "hydropathy": {
        "dimension": 2,
        "correlation": 0.4308401099353248
      },
      "volume": {
        "dimension": 13,
        "correlation": -0.5838045158190189
      },
      "charge": {
        "dimension": 1,
        "correlation": -0.40778620962482415
      }
    },
    "radius_level_groups": {
      "level_0": {
        "radius_range": "0.00-0.11",
        "amino_acids": [
          "A",
          "G"
        ],
        "mean_hydropathy": 0.7,
        "mean_volume": 74.35
      },
      "level_2": {
        "radius_range": "0.22-0.33",
        "amino_acids": [
          "L",
          "S",
          "P",
          "R",
          "T"
        ],
        "mean_hydropathy": -0.76,
        "mean_volume": 131.57999999999998
      },
      "level_3": {
        "radius_range": "0.33-0.44",
        "amino_acids": [
          "I",
          "M",
          "V"
        ],
        "mean_hydropathy": 3.5333333333333337,
        "mean_volume": 156.53333333333333
      },
      "level_4": {
        "radius_range": "0.44-0.56",
        "amino_acids": [
          "F",
          "C",
          "D",
          "E"
        ],
        "mean_hydropathy": -0.42500000000000004,
        "mean_volume": 136.975
      },
      "level_5": {
        "radius_range": "0.56-0.67",
        "amino_acids": [
          "H",
          "N",
          "K"
        ],
        "mean_hydropathy": -3.533333333333333,
        "mean_volume": 145.29999999999998
      },
      "level_6": {
        "radius_range": "0.67-0.78",
        "amino_acids": [
          "Y",
          "Q"
        ],
        "mean_hydropathy": -2.4,
        "mean_volume": 168.7
      },
      "level_7": {
        "radius_range": "0.78-0.89",
        "amino_acids": [
          "W"
        ],
        "mean_hydropathy": -0.9,
        "mean_volume": 227.8
      }
    }
  },
  "ptm_predictions": {
    "phospho_ser": {
      "name": "Phosphoserine",
      "target_aa": "S",
      "base_radius": 0.27969539165496826,
      "radial_shift": 0.16799700260162354,
      "predicted_radius": 0.4476923942565918,
      "predicted_effect": "destabilizing_surface",
      "immunogenic_risk": "high",
      "known_effect": "signaling_switch",
      "structural_impact": "conformational",
      "delta_charge": -2.0,
      "delta_hydropathy": -3.0
    },
    "phospho_thr": {
      "name": "Phosphothreonine",
      "target_aa": "T",
      "base_radius": 0.2790393829345703,
      "radial_shift": 0.16799700260162354,
      "predicted_radius": 0.44703638553619385,
      "predicted_effect": "destabilizing_surface",
      "immunogenic_risk": "high",
      "known_effect": "signaling_switch",
      "structural_impact": "conformational",
      "delta_charge": -2.0,
      "delta_hydropathy": -3.0
    },
    "phospho_tyr": {
      "name": "Phosphotyrosine",
      "target_aa": "Y",
      "base_radius": 0.7072798609733582,
      "radial_shift": 0.1579970121383667,
      "predicted_radius": 0.8652768731117249,
      "predicted_effect": "destabilizing_surface",
      "immunogenic_risk": "high",
      "known_effect": "signaling_switch",
      "structural_impact": "conformational",
      "delta_charge": -2.0,
      "delta_hydropathy": -2.5
    },
    "acetyl_lys": {
      "name": "Acetyllysine",
      "target_aa": "K",
      "base_radius": 0.6177793145179749,
      "radial_shift": 0.02420097589492798,
      "predicted_radius": 0.6419802904129028,
      "predicted_effect": "neutral",
      "immunogenic_risk": "high",
      "known_effect": "chromatin_regulation",
      "structural_impact": "conformational",
      "delta_charge": -1.0,
      "delta_hydropathy": 1.5
    },
    "methyl_lys": {
      "name": "Methyllysine",
      "target_aa": "K",
      "base_radius": 0.6177793145179749,
      "radial_shift": -0.008598029613494873,
      "predicted_radius": 0.60918128490448,
      "predicted_effect": "neutral",
      "immunogenic_risk": "low",
      "known_effect": "chromatin_regulation",
      "structural_impact": "local",
      "delta_charge": 0.0,
      "delta_hydropathy": 0.5
    },
    "dimethyl_lys": {
      "name": "Dimethyllysine",
      "target_aa": "K",
      "base_radius": 0.6177793145179749,
      "radial_shift": -0.017197012901306152,
      "predicted_radius": 0.6005823016166687,
      "predicted_effect": "neutral",
      "immunogenic_risk": "low",
      "known_effect": "chromatin_regulation",
      "structural_impact": "local",
      "delta_charge": 0.0,
      "delta_hydropathy": 1.0
    },
    "trimethyl_lys": {
      "name": "Trimethyllysine",
      "target_aa": "K",
      "base_radius": 0.6177793145179749,
      "radial_shift": -0.0757949948310852,
      "predicted_radius": 0.5419843196868896,
      "predicted_effect": "stabilizing_core",