{
  "rheumatoid_arthritis": {
    "timestamp": "2025-12-28T08:05:50.315879",
    "disease": "rheumatoid_arthritis",
    "total_predictions": 12,
    "paired_comparisons": 3,
    "analysis": {
      "total_comparisons": 3,
      "binding_improved": 3,
      "binding_decreased": 0,
      "improvement_rate": 100.0,
      "iptm_change": {
        "mean": 0.10000000000000005,
        "std": 0.05567764362830024,
        "min": 0.040000000000000036,
        "max": 0.15000000000000008
      },
      "iptm_change_pct": {
        "mean": 23.288749016522438,
        "std": 15.375702399502815
      },
      "by_protein": {
        "FGA": {
          "count": 1,
          "mean_change": 0.040000000000000036,
          "improved": 1
        },
        "FGB": {
          "count": 1,
          "mean_change": 0.15000000000000008,
          "improved": 1
        },
        "VIM": {
          "count": 1,
          "mean_change": 0.11000000000000004,
          "improved": 1
        }
      },
      "by_hla": {
        "no_hla": {
          "count": 3,
          "mean_change": 0.10000000000000005,
          "improved": 3
        }
      }
    },
    "comparisons": [
      {
        "epitope": "fgb_r406",
        "protein": "FGB",
        "hla": null,
        "native_iptm": 0.41,
        "modified_iptm": 0.56,
        "iptm_change": 0.15000000000000008,
        "iptm_change_pct": 36.58536585365856,
        "binding_improved": true
      },
      {
        "epitope": "vim_r71",
        "protein": "VIM",
        "hla": null,
        "native_iptm": 0.41,
        "modified_iptm": 0.52,
        "iptm_change": 0.11000000000000004,
        "iptm_change_pct": 26.82926829268294,
        "binding_improved": true
      },
      {
        "epitope": "fga_r38",
        "protein": "FGA",
        "hla": null,
        "native_iptm": 0.62,
        "modified_iptm": 0.66,
        "iptm_change": 0.040000000000000036,
        "iptm_change_pct": 6.451612903225811,
        "binding_improved": true
      }
    ]
  }
}