{
  "spearman": 0.6297741782934603,
  "spearman_p": 6.5852970664151e-05,
  "pearson": 0.551111102104187,
  "pearson_p": 0.0007304404280148447,
  "mae": 0.6745314598083496,
  "rmse": 0.9688295722007751,
  "n_samples": 34,
  "s669_spearman": 0.3,
  "s669_n": 5,
  "protherm_spearman": 0.8261059023840756,
  "protherm_n": 29
}