{
  "train_loss": [
    1.5473740100860596,
    1.0026313066482544,
    0.6823497489094734,
    0.8114094585180283,
    0.5984773971140385,
    0.6802224144339561,
    0.9626997709274292,
    0.6037993878126144,
    0.5133634135127068,
    0.46421390771865845,
    0.4609573073685169,
    0.5456098578870296,
    0.44893312081694603,
    0.46518006175756454,
    0.5506142005324364,
    0.49250204116106033,
    0.4860009029507637,
    0.4586668610572815,
    0.429898202419281
  ],
  "val_loss": [
    1.3276522159576416,
    1.3160172700881958,
    0.9555407166481018,
    1.40873384475708,
    1.1504237651824951,
    1.1758946180343628,
    0.9310232996940613,
    1.0347903966903687,
    0.9386307597160339,
    0.9683579802513123,
    1.177188515663147,
    0.9182338714599609,
    0.9134222269058228,
    0.9884576201438904,
    1.0216692686080933,
    0.9281087517738342,
    0.9934924840927124,
    0.9731454253196716,
    0.9562328457832336
  ],
  "val_spearman": [
    0.37520762302546357,
    0.14566520729230636,
    0.17316086678120404,
    0.36593942319774525,
    0.13732382744735985,
    0.023324969566424457,
    0.10890134797569033,
    0.5123769804756948,
    0.6297741782934603,
    0.5645878395051748,
    0.5123769804756948,
    0.2238270258393976,
    0.032593169394142786,
    0.032593169394142786,
    0.040007729256317445,
    0.164201606947743,
    0.1465920272750782,
    0.16667312690180122,
    0.1725429867926895
  ]
}