{
  "timestamp": "2025-12-28T07:08:32.962039",
  "n_mutations": 1337,
  "correlations": {
    "hyp_dist": {
      "spearman": 0.03177158343374929,
      "pvalue": 0.24566843151548517
    },
    "euc_dist": {
      "spearman": 0.00421662683990486,
      "pvalue": 0.877580183865672
    },
    "radial_shift": {
      "spearman": 0.05002212949118555,
      "pvalue": 0.06747549844777788
    },
    "wt_radius": {
      "spearman": 0.007350549792905141,
      "pvalue": 0.7882951056902298
    },
    "mut_radius": {
      "spearman": 0.036553736574379464,
      "pvalue": 0.18161987587595582
    }
  },
  "regression": {
    "hyperbolic_r2": 0.004475692876528714,
    "euclidean_r2": 0.0001356826686287338,
    "radial_r2": 0.0019043349441397739,
    "hyperbolic_mae": 0.26226260490805875,
    "euclidean_mae": 0.26295684622407645,
    "r2_improvement_pct": 3198.6474409458124
  },
  "binned_analysis": {
    "hyp_pvalue": 0.5517124353394272,
    "euc_pvalue": 0.9247590859623963,
    "radial_pvalue": 0.04069805936660159
  },
  "winner": "hyperbolic"
}