rank,sequence,length,net_charge,hydrophobicity,activity_score,toxicity_score,stability_score
1,EAFTYYYMTHYYALLVIFAI,20,-0.5,0.9550000000000001,6.376025,3.91,0.555757910212987
2,IKKYFVIYHARHRYTVHRHI,20,7.0,-0.61,2.0201000000000002,0.0,0.5663844700390576
3,VKISTFFHRFVFFKDMLMFR,20,3.5,0.615,0.0002250000000000004,0.22999999999999998,0.5765985583074194
4,RRLTRQSTMMHTHIHVRFSI,20,5.5,-0.5599999999999999,0.9216,0.0,0.6126267123344005
5,WSRTNDLHMLLISLTWLKIY,20,1.5,0.2599999999999999,0.26960000000000006,0.0,0.9448816645930525
6,YKKLWVLRWIWYVIHAKVYF,20,4.5,0.39,0.00010000000000000018,0.0,1.0329759366446192
7,YKKLWVLRWIWYVIHAKVYF,20,4.5,0.39,0.00010000000000000018,0.0,1.0329759366446192
8,VRKHLIYFMYIWFLKWLRWL,20,4.5,0.5299999999999999,0.0,0.05999999999999983,1.3111539628109998
9,VRKHLIYFMYIWFLKWLRWL,20,4.5,0.5299999999999999,0.0,0.05999999999999983,1.3111539628109998
