{
  "pathogen": "S_aureus",
  "pathogen_info": {
    "full_name": "Staphylococcus aureus (MRSA)",
    "gram": "positive",
    "priority": "high",
    "resistance": "Methicillin-resistant",
    "membrane_features": {
      "teichoic_acid": 0.4,
      "phosphatidylglycerol": 0.55,
      "lysyl_PG": 0.3,
      "cardiolipin": 0.1,
      "net_charge": -0.3
    },
    "optimal_amp_features": {
      "net_charge": [
        2,
        6
      ],
      "hydrophobicity": [
        0.4,
        0.6
      ],
      "amphipathicity": [
        0.3,
        0.6
      ],
      "length": [
        10,
        22
      ]
    }
  },
  "config": {
    "population_size": 20,
    "generations": 5,
    "latent_dim": 16
  },
  "pareto_size": 9,
  "candidates": [
    {
      "rank": 1,
      "sequence": "EAFTYYYMTHYYALLVIFAI",
      "properties": {
        "net_charge": -0.5,
        "hydrophobicity": 0.9550000000000001,
        "length": 20,
        "hydrophobic_ratio": 0.55,
        "cationic_ratio": 0.05
      },
      "objectives": {
        "activity": 6.376025,
        "toxicity": 3.91,
        "stability": 0.555757910212987
      },
      "latent": [
        -0.04598745061395976,
        0.8422838856658066,
        0.059211440767685676,
        -1.2564194692290624,
        0.5124999814274401,
        -0.06534740576088914,
        -0.40263788844523424,
        -0.23100179833530468,
        -0.1339194076170877,
        0.8826818425397369,
        1.2464958806983233,
        -0.1284254561813989,
        0.31677174554055076,
        -1.140853086990294,
        0.8461076722887196,
        -0.1759916550983278
      ]
    },
    {
      "rank": 2,
      "sequence": "IKKYFVIYHARHRYTVHRHI",
      "properties": {
        "net_charge": 7.0,
        "hydrophobicity": -0.61,
        "length": 20,
        "hydrophobic_ratio": 0.35,
        "cationic_ratio": 0.45
      },
      "objectives": {
        "activity": 2.0201000000000002,
        "toxicity": 0.0,
        "stability": 0.5663844700390576
      },
      "latent": [
        0.7343053117657626,
        1.2028839864291774,
        -0.06458031549400169,
        -0.15298058582903434,
        1.0042195595776904,
        -0.5614555638740677,
        0.7288694239392264,
        1.5236737742705633,
        -0.3249748729583761,
        0.3704839237866264,
        -0.5524889036114116,
        0.013945569202265466,
        0.5269257512227811,
        -1.3917532050209966,
        0.06887888751668635,
        -0.32286913921384786
      ]
    },
    {
      "rank": 3,
      "sequence": "VKISTFFHRFVFFKDMLMFR",
      "properties": {
        "net_charge": 3.5,
        "hydrophobicity": 0.615,
        "length": 20,
        "hydrophobic_ratio": 0.6,
        "cationic_ratio": 0.25
      },
      "objectives": {
        "activity": 0.0002250000000000004,
        "toxicity": 0.22999999999999998,
        "stability": 0.5765985583074194
      },
      "latent": [
        -0.781996400574022,
        0.7041039015020807,
        -0.2665186779728287,
        -0.26575831806687406,
        0.565534705000077,
        -0.3605634099659951,
        1.0511241898454318,
        -0.01036675657030317,
        -0.12700901799337339,
        0.20419377096525254,
        0.7611576601785601,
        0.7519514417210313,
        0.520778090751848,
        -0.49346056257357845,
        1.2262411394480204,
        -0.028857267312398557
      ]
    },
    {
      "rank": 4,
      "sequence": "RRLTRQSTMMHTHIHVRFSI",
      "properties": {
        "net_charge": 5.5,
        "hydrophobicity": -0.5599999999999999,
        "length": 20,
        "hydrophobic_ratio": 0.35,
        "cationic_ratio": 0.35
      },
      "objectives": {
        "activity": 0.9216,
        "toxicity": 0.0,
        "stability": 0.6126267123344005
      },
      "latent": [
        0.9676355516651423,
        0.49182056295397036,
        -0.03749765700340532,
        -0.166655984470418,
        0.9349580922984971,
        -0.5135647847472207,
        0.6866326958342395,
        -0.6381548624941085,
        -0.34366521694511476,
        0.7209534413147816,
        0.4502704273010901,
        0.05902228032607227,
        0.4999546043821558,
        -1.4351795369982088,
        0.3230979443916489,
        -0.34618729645821117
      ]
    },
    {
      "rank": 5,
      "sequence": "WSRTNDLHMLLISLTWLKIY",
      "properties": {
        "net_charge": 1.5,
        "hydrophobicity": 0.2599999999999999,
        "length": 20,
        "hydrophobic_ratio": 0.5,
        "cationic_ratio": 0.15
      },
      "objectives": {
        "activity": 0.26960000000000006,
        "toxicity": 0.0,
        "stability": 0.9448816645930525
      },
      "latent": [
        -0.8438023995502169,
        0.6183836737953848,
        0.46159373247751617,
        -0.4781818355191897,
        0.08590196814117537,
        -2.019570500565782,
        -0.27199595050702385,
        -0.5474809942073173,
        -0.20311455962265496,
        0.738196637019247,
        0.44732423013509837,
        0.28814132990956864,
        1.1203415642863779,
        -0.7432590374413282,
        -0.7208118538732825,
        -1.0610064114370794
      ]
    },
    {
      "rank": 6,
      "sequence": "YKKLWVLRWIWYVIHAKVYF",
      "properties": {
        "net_charge": 4.5,
        "hydrophobicity": 0.39,
        "length": 20,
        "hydrophobic_ratio": 0.6,
        "cationic_ratio": 0.25
      },
      "objectives": {
        "activity": 0.00010000000000000018,
        "toxicity": 0.0,
        "stability": 1.0329759366446192
      },
      "latent": [
        0.4893186566180223,
        1.8423224735723311,
        -0.16019075929609722,
        -0.03780020657112079,
        1.0650128708023225,
        -0.23275201644739488,
        0.9517348451530406,
        1.5931760529971113,
        0.8521797589113287,
        0.3165166682112836,
        -0.6399104933564468,
        -0.22364635708626698,
        0.5360403718178178,
        -1.3036940268750503,
        -0.25291320777265935,
        -0.3125482005046611
      ]
    },
    {
      "rank": 7,
      "sequence": "YKKLWVLRWIWYVIHAKVYF",
      "properties": {
        "net_charge": 4.5,
        "hydrophobicity": 0.39,
        "length": 20,
        "hydrophobic_ratio": 0.6,
        "cationic_ratio": 0.25
      },
      "objectives": {
        "activity": 0.00010000000000000018,
        "toxicity": 0.0,
        "stability": 1.0329759366446192
      },
      "latent": [
        0.4893186566180223,
        1.8423224735723311,
        -0.16019075929609722,
        -0.03780020657112079,
        1.0650128708023225,
        -0.23275201644739488,
        0.9517348451530406,
        1.5931760529971113,
        0.8521797589113287,
        0.3165166682112836,
        -0.6399104933564468,
        -0.22364635708626698,
        0.5360403718178178,
        -1.3036940268750503,
        -0.25291320777265935,
        -0.3125482005046611
      ]
    },
    {
      "rank": 8,
      "sequence": "VRKHLIYFMYIWFLKWLRWL",
      "properties": {
        "net_charge": 4.5,
        "hydrophobicity": 0.5299999999999999,
        "length": 20,
        "hydrophobic_ratio": 0.65,
        "cationic_ratio": 0.25
      },
      "objectives": {
        "activity": 0.0,
        "toxicity": 0.05999999999999983,
        "stability": 1.3111539628109998
      },
      "latent": [
        0.862165087192472,
        2.1547841772728544,
        -0.08413332818829304,
        -0.03904187384980175,
        1.1072652445486493,
        -0.2881158090740086,
        1.0034875851956595,
        1.4759695789114275,
        0.7181828996662772,
        1.0685564493378163,
        -0.6175289792576238,
        0.0469838335892479,
        0.5553891812660023,
        -1.28923952123774,
        -0.25328560316770354,
        -0.7829548473678294
      ]
    },
    {
      "rank": 9,
      "sequence": "VRKHLIYFMYIWFLKWLRWL",
      "properties": {
        "net_charge": 4.5,
        "hydrophobicity": 0.5299999999999999,
        "length": 20,
        "hydrophobic_ratio": 0.65,