{
  "n_mutations": 176,
  "n_folds": 5,
  "n_repeats": 10,
  "feature_results": {
    "mass": {
      "Linear": {
        "spearman": 0.7888017381633282,
        "spearman_p": 0.0,
        "pearson": 0.8131620082188213,
        "rmse": 0.6913960835152402,
        "mae": 0.45541563832045634,
        "training_time": 0.03197908401489258
      },
      "Ridge": {
        "spearman": 0.7888941003923585,
        "spearman_p": 0.0,
        "pearson": 0.8113181744792765,
        "rmse": 0.694284950329833,
        "mae": 0.47062783491120624,
        "training_time": 0.028812885284423828
      },
      "Neural": {
        "spearman": 0.7771759833499355,
        "spearman_p": 0.0,
        "pearson": 0.8095841431180018,
        "rmse": 0.6972425268603129,
        "mae": 0.46248405703839124,
        "training_time": 1.7625713348388672
      }
    },
    "property": {
      "Linear": {
        "spearman": 0.9167253047104053,
        "spearman_p": 0.0,
        "pearson": 0.9082297045620427,
        "rmse": 0.4971236427298032,
        "mae": 0.3894485170884037,
        "training_time": 0.035466909408569336
      },
      "Ridge": {
        "spearman": 0.9161198470471079,
        "spearman_p": 0.0,
        "pearson": 0.9082938311396738,
        "rmse": 0.49683623574687297,
        "mae": 0.3894482980891159,
        "training_time": 0.04401278495788574
      },
      "Neural": {
        "spearman": 0.9371609633997422,
        "spearman_p": 0.0,
        "pearson": 0.9264151785937227,
        "rmse": 0.44721548063207456,
        "mae": 0.3527138370202145,
        "training_time": 2.46968412399292
      }
    },
    "mass_property": {
      "Linear": {
        "spearman": 0.9224698787383512,
        "spearman_p": 0.0,
        "pearson": 0.9091934947566842,
        "rmse": 0.4952486552001825,
        "mae": 0.3822921092715439,
        "training_time": 0.034844160079956055
      },
      "Ridge": {
        "spearman": 0.9201424474574637,
        "spearman_p": 0.0,
        "pearson": 0.9110050097279327,
        "rmse": 0.4899851662449089,
        "mae": 0.380187237229629,
        "training_time": 0.037841796875
      },
      "Neural": {
        "spearman": 0.9389126754790371,
        "spearman_p": 0.0,
        "pearson": 0.9387504138055421,
        "rmse": 0.40924322348872727,
        "mae": 0.32290950690486053,
        "training_time": 2.2907378673553467
      }
    },
    "padic_radius": {
      "Linear": {
        "spearman": 0.6128713012702995,
        "spearman_p": 4.972874526814342e-182,
        "pearson": 0.6171063909953702,
        "rmse": 0.9353395094227053,
        "mae": 0.7075494463106304,
        "training_time": 0.031583547592163086
      },
      "Ridge": {
        "spearman": 0.6129551837217858,
        "spearman_p": 4.3020625481977954e-182,
        "pearson": 0.6174685880325206,
        "rmse": 0.9348247639677622,
        "mae": 0.7072227474964804,
        "training_time": 0.03952503204345703
      },
      "Neural": {
        "spearman": 0.598819449513748,
        "spearman_p": 9.485735538783991e-172,
        "pearson": 0.6453480763857655,
        "rmse": 0.9078730934017198,
        "mae": 0.7192686832680703,
        "training_time": 2.4216623306274414
      }
    },
    "padic_embedding": {
      "Linear": {
        "spearman": 0.844202635277281,
        "spearman_p": 0.0,
        "pearson": -0.06116909416947236,
        "rmse": 438037.55396969826,
        "mae": 31516.57337868792,
        "training_time": 0.03293943405151367
      },
      "Ridge": {
        "spearman": 0.8643089189084611,
        "spearman_p": 0.0,
        "pearson": 0.8619261741799717,
        "rmse": 0.6029022599455078,
        "mae": 0.40255849115404785,
        "training_time": 0.04107522964477539
      },
      "Neural": {
        "spearman": 0.7759011390586239,
        "spearman_p": 0.0,
        "pearson": 0.8286580507306325,
        "rmse": 0.6657556285707968,
        "mae": 0.4495617266063891,
        "training_time": 2.8818166255950928
      }
    },
    "padic_mass": {
      "Linear": {
        "spearman": 0.9038242912469271,
        "spearman_p": 0.0,
        "pearson": -0.06745827441023057,
        "rmse": 409610.2693030249,
        "mae": 31078.87751494857,
        "training_time": 0.049178361892700195
      },
      "Ridge": {
        "spearman": 0.9252678859237112,
        "spearman_p": 0.0,
        "pearson": 0.90098153854231,
        "rmse": 0.5187356017306624,
        "mae": 0.31437674257893206,
        "training_time": 0.03407168388366699
      },
      "Neural": {
        "spearman": 0.9042264748164589,
        "spearman_p": 0.0,
        "pearson": 0.8896182267355026,
        "rmse": 0.5432620632814168,
        "mae": 0.3436530958256335,
        "training_time": 2.8024332523345947
      }
    },
    "blosum": {
      "Linear": {
        "spearman": 0.7077744786740604,
        "spearman_p": 1.2644499726362988e-267,
        "pearson": 0.7409205486025587,
        "rmse": 0.797691364796745,
        "mae": 0.5653584009082939,
        "training_time": 0.03229022026062012
      },
      "Ridge": {
        "spearman": 0.7078091463912453,
        "spearman_p": 1.1596831767710734e-267,
        "pearson": 0.7408787798398726,
        "rmse": 0.7976502201409149,
        "mae": 0.5660467817323884,
        "training_time": 0.035325050354003906
      },
      "Neural": {
        "spearman": 0.7035373291894864,
        "spearman_p": 4.483110848650358e-263,
        "pearson": 0.7359289620045497,
        "rmse": 0.8041275945204547,
        "mae": 0.5734711356715086,
        "training_time": 2.2381556034088135
      }
    },
    "all": {
      "Linear": {
        "spearman": 0.9386693142837594,
        "spearman_p": 0.0,
        "pearson": 0.9429891854259216,
        "rmse": 0.3965121174518454,
        "mae": 0.2855927705501493,
        "training_time": 0.03544950485229492
      },
      "Ridge": {
        "spearman": 0.9392093350233897,
        "spearman_p": 0.0,
        "pearson": 0.9461083653752719,
        "rmse": 0.38489659689631656,
        "mae": 0.2820983767845321,
        "training_time": 0.03551459312438965
      },
      "Neural": {
        "spearman": 0.9390356683893554,
        "spearman_p": 0.0,
        "pearson": 0.9527956126416135,
        "rmse": 0.3606179286496668,
        "mae": 0.2752196938613662,
        "training_time": 2.5792758464813232
      }
    }
  },
  "timestamp": "2025-12-28T09:33:02.134367",
  "best_overall": {
    "feature_set": "all",
    "model": "Ridge",
    "spearman": 0.9392093350233897,
    "rmse": 0.38489659689631656
  }
}