{
  "analysis_date": "2025-12-25T00:23:00.002645",
  "encoder_version": "3-adic V5.11.3",
  "hierarchy": {
    "n_clusters": 21,
    "max_depth": 14,
    "levels": {
      "1": {
        "n_clusters": 1,
        "threshold": 6.624161982536316,
        "labels": [
          1,
          1,
          1,
          1,
          1,
          1,
          1,
          1,
          1,
          1,
          1,
          1,
          1,
          1,
          1,
          1,
          1,
          1,
          1,
          1,
          1
        ]
      },
      "2": {
        "n_clusters": 2,
        "threshold": 6.503559815256219,
        "labels": [
          1,
          1,
          1,
          1,
          1,
          1,
          1,
          1,
          1,
          1,
          1,
          1,
          1,
          2,
          1,
          1,
          1,
          1,
          1,
          1,
          1
        ]
      },
      "3": {
        "n_clusters": 3,
        "threshold": 6.068201965755886,
        "labels": [
          1,
          1,
          1,
          1,
          1,
          1,
          1,
          1,
          1,
          1,
          1,
          1,
          1,
          3,
          1,
          2,
          1,
          1,
          1,
          1,
          1
        ]
      },
      "4": {
        "n_clusters": 4,
        "threshold": 5.862667223986457,
        "labels": [
          1,
          1,
          1,
          1,
          1,
          1,
          2,
          1,
          1,
          1,
          1,
          1,
          1,
          4,
          1,
          3,
          1,
          1,
          1,
          1,
          1
        ]
      },
      "5": {
        "n_clusters": 5,
        "threshold": 5.748877972364426,
        "labels": [
          1,
          1,
          1,
          1,
          1,
          2,
          3,
          1,
          1,
          1,
          1,
          1,
          1,
          5,
          1,
          4,
          1,
          1,
          1,
          1,
          1
        ]
      },
      "6": {
        "n_clusters": 6,
        "threshold": 5.719377104441325,
        "labels": [
          1,
          1,
          1,
          1,
          2,
          3,
          4,
          1,
          1,
          1,
          1,
          1,
          1,
          6,
          1,
          5,
          1,
          1,
          1,
          1,
          1
        ]
      },
      "7": {
        "n_clusters": 7,
        "threshold": 5.574216570172991,
        "labels": [
          1,
          2,
          1,
          1,
          3,
          4,
          5,
          1,
          1,
          1,
          1,
          1,
          1,
          7,
          1,
          6,
          1,
          1,
          1,
          1,
          1
        ]
      },
      "8": {
        "n_clusters": 8,
        "threshold": 5.311603327592214,
        "labels": [
          2,
          3,
          1,
          1,
          4,
          5,
          6,
          1,
          1,
          1,
          1,
          1,
          1,
          8,
          1,
          7,
          1,
          1,
          1,
          1,
          1
        ]
      },
      "9": {
        "n_clusters": 9,
        "threshold": 5.076168537139893,
        "labels": [
          3,
          4,
          2,
          2,
          5,
          6,
          7,
          1,
          1,
          1,
          1,
          1,
          1,
          9,
          1,
          8,
          1,
          1,
          1,
          1,
          1
        ]
      },
      "10": {
        "n_clusters": 10,
        "threshold": 4.969332304867831,
        "labels": [
          4,
          5,
          2,
          3,
          6,
          7,
          8,
          1,
          1,
          1,
          1,
          1,
          1,
          10,
          1,
          9,
          1,
          1,
          1,
          1,
          1
        ]
      },
      "11": {
        "n_clusters": 11,
        "threshold": 4.7212071518103285,
        "labels": [
          5,
          6,
          3,
          4,
          7,
          8,
          9,
          1,
          1,
          1,
          1,
          1,
          1,
          11,
          1,
          10,
          2,
          1,
          1,
          1,
          1
        ]
      },
      "12": {
        "n_clusters": 12,
        "threshold": 4.339429616928101,
        "labels": [
          6,
          7,
          4,
          5,
          8,
          9,
          10,
          2,
          1,
          1,
          1,
          2,
          2,
          12,
          1,
          11,
          3,
          1,
          1,
          1,
          1
        ]
      },
      "13": {
        "n_clusters": 13,
        "threshold": 4.238111476103465,
        "labels": [
          7,
          8,
          5,
          6,
          9,
          10,
          11,
          3,
          1,
          1,
          1,
          2,
          2,
          13,
          1,
          12,
          4,
          1,
          1,
          1,
          1
        ]
      },
      "14": {
        "n_clusters": 14,
        "threshold": 3.8825561702251434,
        "labels": [
          8,
          9,
          6,
          7,
          10,
          11,
          12,
          4,
          2,
          2,
          2,
          3,
          3,
          14,
          1,
          13,
          5,
          1,
          2,
          2,
          2
        ]
      }
    }
  },
  "aa_cluster_assignments": {
    "A": {
      "codon": "GCT",
      "primary_cluster": 3,
      "properties": {
        "hydrophobic": true,
        "charge": 0,
        "size": "small",
        "polar": false
      }
    },
    "R": {
      "codon": "CGG",
      "primary_cluster": 1,
      "properties": {
        "hydrophobic": false,
        "charge": 1,
        "size": "large",
        "polar": true
      }
    },
    "N": {
      "codon": "AAC",
      "primary_cluster": 16,
      "properties": {
        "hydrophobic": false,
        "charge": 0,
        "size": "medium",
        "polar": true
      }
    },
    "D": {
      "codon": "GAC",
      "primary_cluster": 11,
      "properties": {
        "hydrophobic": false,
        "charge": -1,
        "size": "medium",
        "polar": true
      }
    },
    "C": {
      "codon": "TGC",
      "primary_cluster": 10,
      "properties": {
        "hydrophobic": true,
        "charge": 0,
        "size": "small",
        "polar": false
      }
    },
    "E": {
      "codon": "GAG",
      "primary_cluster": 12,
      "properties": {
        "hydrophobic": false,
        "charge": -1,
        "size": "medium",
        "polar": true
      }
    },
    "Q": {
      "codon": "CAG",
      "primary_cluster": 17,
      "properties": {
        "hydrophobic": false,
        "charge": 0,
        "size": "medium",
        "polar": true
      }
    },
    "G": {
      "codon": "GGC",
      "primary_cluster": 4,
      "properties": {
        "hydrophobic": true,
        "charge": 0,
        "size": "tiny",
        "polar": false
      }
    },
    "H": {
      "codon": "CAC",
      "primary_cluster": 14,
      "properties": {
        "hydrophobic": false,
        "charge": 0.5,
        "size": "medium",
        "polar": true
      }
    },
    "I": {
      "codon": "ATC",
      "primary_cluster": 9,
      "properties": {
        "hydrophobic": true,
        "charge": 0,
        "size": "large",
        "polar": false
      }
    },
    "L": {
      "codon": "CTG",
      "primary_cluster": 0,
      "properties": {
        "hydrophobic": true,
        "charge": 0,
        "size": "large",
        "polar": false
      }
    },
    "K": {
      "codon": "AAG",
      "primary_cluster": 15,
      "properties": {
        "hydrophobic": false,
        "charge": 1,