rank,position,sequence,length,stability_score,conservation_score,combined_score,gc_content,tm_estimate,variance_over_time,n_sequences
1,7268,GAAATGAGCAGCGGTGTCGC,20,0.9915,0.1000,0.0991,0.600,55.9,0.008623,10
2,3600,GAGTTGCGCGGTATTGGTGC,20,0.9892,0.1000,0.0989,0.600,55.9,0.010940,10
3,1723,CCCGGGAGGCAGACAATAGT,20,0.9866,0.1000,0.0987,0.600,55.9,0.013534,10
4,9061,CATCCTGGTCGGGGACACTA,20,0.9864,0.1000,0.0986,0.600,55.9,0.013818,10
5,808,GGTTAGGACAGGCTGCCTAG,20,0.9861,0.1000,0.0986,0.600,55.9,0.014089,10
6,895,TTAGGCTCGTGGGAGTCTCG,20,0.9858,0.1000,0.0986,0.600,55.9,0.014384,10
7,5153,GCCTACCTTGGTAACGCTGG,20,0.9854,0.1000,0.0985,0.600,55.9,0.014840,10
8,8936,CGGTACGCAAGAAGGCCTTG,20,0.9849,0.1000,0.0985,0.600,55.9,0.015286,10
9,7880,CACTATGGCCCATCCCGAGT,20,0.9849,0.1000,0.0985,0.600,55.9,0.015362,10
10,809,GTTAGGACAGGCTGCCTAGG,20,0.9841,0.1000,0.0984,0.600,55.9,0.016110,10
11,2932,AGCCCCCTCTATAACCCGAC,20,0.9820,0.1000,0.0982,0.600,55.9,0.018363,10
12,1813,TACTGCAGGGCCACACCTTC,20,0.9808,0.1000,0.0981,0.600,55.9,0.019589,10
13,6351,CCTACAGCCTTGACGAAGCG,20,0.9798,0.1000,0.0980,0.600,55.9,0.020571,10
14,2453,AGGCACCTCTTCTCCACGTG,20,0.9792,0.1000,0.0979,0.600,55.9,0.021237,10
15,659,AGTCACGCAGTTCCTGGGCA,20,0.9788,0.1000,0.0979,0.600,55.9,0.021638,10
16,8137,CCGAAGCCTTGCGGATGTAC,20,0.9777,0.1000,0.0978,0.600,55.9,0.022856,10
17,8372,CTACAGTCTGGCGGCACTTG,20,0.9768,0.1000,0.0977,0.600,55.9,0.023744,10
18,835,TGATCTGGCCCTTGCCAAGC,20,0.9762,0.1000,0.0976,0.600,55.9,0.024340,10
19,6730,GGCAGAAATGCCGTGCTGGT,20,0.9756,0.1000,0.0976,0.600,55.9,0.025023,10
20,7594,TGTCGTACCACTGGGCCATG,20,0.9755,0.1000,0.0976,0.600,55.9,0.025074,10
21,5880,GCTGTTCCGAGCTGGCAGTT,20,0.9753,0.1000,0.0975,0.600,55.9,0.025275,10
22,7918,GGTACTGATTCGGTGGGCGA,20,0.9718,0.1000,0.0972,0.600,55.9,0.029012,10
23,3730,TACAGCACGAAGCCTAGGCC,20,0.9713,0.1000,0.0971,0.600,55.9,0.029517,10
24,3740,AGCCTAGGCCGCGATTAACG,20,0.9703,0.1000,0.0970,0.600,55.9,0.030625,10
25,3599,CGAGTTGCGCGGTATTGGTG,20,0.9693,0.1000,0.0969,0.600,55.9,0.031675,10
26,9198,TAGGTCGTTGCCCCAGGTTC,20,0.9692,0.1000,0.0969,0.600,55.9,0.031825,10
27,6476,CCATACCCACCGGCCAGATT,20,0.9685,0.1000,0.0969,0.600,55.9,0.032494,10
28,9203,CGTTGCCCCAGGTTCCATGA,20,0.9685,0.1000,0.0968,0.600,55.9,0.032569,10
29,9377,CCTCTGCGGTGTGAAAGGTC,20,0.9681,0.1000,0.0968,0.600,55.9,0.032985,10
30,8821,GAGGGAGTCTACGCCGAACA,20,0.9678,0.1000,0.0968,0.600,55.9,0.033224,10
