{
  "metadata": {
    "version": "v1_12dim_trainable",
    "timestamp": "2026-01-23T14:32:37.214610",
    "architecture": {
      "input_dim": 12,
      "hidden_dim": 64,
      "latent_dim": 16
    },
    "training": {
      "epochs": 500,
      "lr": 0.001
    }
  },
  "embedding_analysis": {
    "radius_range": [
      2.9444375038146973,
      2.9444398880004883
    ],
    "radius_mean": 2.9444384574890137,
    "radius_std": 5.824810500598687e-07,
    "hierarchy_radius_corr": 0.033463427483994085,
    "padic_distance_corr": 0.7420893513370665,
    "aa_radii": {
      "R": 2.8529,
      "S": 2.8538,
      "L": 2.8553,
      "T": 2.944,
      "G": 2.944,
      "P": 2.9441,
      "I": 2.9441,
      "A": 2.9441,
      "V": 2.9441,
      "K": 2.9441,
      "Y": 2.9441,
      "N": 2.9441,
      "D": 2.9442,
      "H": 2.9442,
      "C": 2.9442,
      "F": 2.9442,
      "E": 2.9442,
      "Q": 2.9443,
      "M": 2.9444,
      "W": 2.9444
    }
  },
  "ddg_evaluation": {
    "n_samples": 52,
    "best_alpha": 0.01,
    "loo_pearson_r": 0.6358467755448511,
    "loo_spearman_r": 0.614359599880637,
    "loo_mae": 0.809659580347367,
    "loo_rmse": 1.1082333932449515,
    "train_pearson_r": 0.7570322989161197,
    "train_spearman_r": 0.7613025067254325,
    "coefficients": {
      "hyp_distance": 0.2582416449541313,
      "delta_norm": 13.831095354439102,
      "delta_hydro": -1.6676348578567954,
      "delta_charge": 1.0446030175032972
    },
    "intercept": 1.2335729637857136
  },
  "comparison": {
    "Rosetta_ddg_monomer": 0.69,
    "FoldX": 0.48,
    "ELASPIC-2": 0.5,
    "Baseline_padic": 0.3,
    "This_work_LOO": 0.614359599880637
  }
}