{
  "A": [
    -0.06467897444963455,
    0.17923641204833984,
    -0.00324445404112339,
    -0.054446879774332047,
    -0.13930919766426086,
    -0.07417212426662445,
    -0.021065808832645416,
    0.06704983860254288,
    -0.003393706865608692,
    -0.044404037296772,
    0.08186209201812744,
    0.08300628513097763,
    0.14185579121112823,
    -0.06897460669279099,
    0.023220853880047798,
    -0.02377447672188282
  ],
  "C": [
    -0.05900813266634941,
    0.16597403585910797,
    0.06954364478588104,
    0.020093204453587532,
    -0.04727126285433769,
    -0.22220712900161743,
    -0.046376585960388184,
    0.04773120582103729,
    -0.06113080680370331,
    0.07263878732919693,
    0.15793998539447784,
    -0.09089745581150055,
    0.07168792933225632,
    -0.03873209282755852,
    -0.1358138769865036,
    0.011461038142442703
  ],
  "D": [
    -0.09938441962003708,
    0.19717881083488464,
    0.02394424006342888,
    -0.05037326365709305,
    -0.16132231056690216,
    0.05194436013698578,
    -0.021153971552848816,
    0.07782568037509918,
    -0.04762771353125572,
    -0.020327432081103325,
    0.07338408380746841,
    0.15827125310897827,
    0.14839883148670197,
    -0.11119775474071503,
    0.004436337389051914,
    -0.04444117471575737
  ],
  "E": [
    -0.07729817181825638,
    0.20816102623939514,
    -0.004107552580535412,
    -0.163766011595726,
    -0.18780474364757538,
    0.04916100949048996,
    -0.013443008065223694,
    0.14276233315467834,
    -0.02778468281030655,
    -0.0770215094089508,
    0.017736686393618584,
    0.13727253675460815,
    0.09004121273756027,
    -0.23285405337810516,
    0.02114243246614933,
    -0.12670323252677917
  ],
  "F": [
    -0.06006760522723198,
    0.14421769976615906,
    0.10776495933532715,
    0.08107537031173706,
    -0.037348415702581406,
    -0.07258869707584381,
    -0.1212540715932846,
    -0.09606952220201492,
    -0.0587664358317852,
    0.22178806364536285,
    0.12226064503192902,
    -0.012819109484553337,
    0.033818408846855164,
    0.06661027669906616,
    -0.16937601566314697,
    0.06356652081012726
  ],
  "G": [
    -0.05700860545039177,
    0.1551583707332611,
    0.00047920094220899045,
    -0.04867358133196831,
    -0.14802688360214233,
    -0.027042269706726074,
    -0.044795069843530655,
    0.18235675990581512,
    -0.005322640761733055,
    -0.09286215156316757,
    0.09717249125242233,
    0.09152957797050476,
    0.1245403066277504,
    -0.08002316206693649,
    -0.0013730815844610333,
    -0.02132965438067913
  ],
  "H": [
    -0.025174427777528763,
    0.12153203040361404,
    -0.002515531377866864,
    -0.0832236185669899,
    -0.026653356850147247,
    -0.2817385792732239,
    -0.018478626385331154,
    0.14171366393566132,
    -0.006157286465167999,
    -0.08134348690509796,
    0.03472553938627243,
    -0.11220424622297287,
    0.1346166580915451,
    -0.08276661485433578,
    -0.04219786450266838,
    -0.025339625775814056
  ],
  "I": [
    -0.056787244975566864,
    0.19695432484149933,
    0.004759145434945822,
    -0.09119710326194763,
    -0.13790901005268097,
    -0.05801640450954437,
    -0.03832193464040756,
    0.24214103817939758,
    -0.033506885170936584,
    -0.012315964326262474,
    0.05892830714583397,
    0.040665727108716965,
    0.09685128927230835,
    -0.14019475877285004,
    -0.09206091612577438,
    -0.0680767074227333
  ],
  "K": [
    -0.08651621639728546,
    0.1863493025302887,
    -0.015565088950097561,
    -0.05897243320941925,
    -0.10104310512542725,
    -0.16579429805278778,
    -0.006693913135677576,
    0.23247475922107697,
    -0.02907172590494156,
    -0.09823781996965408,
    0.09664402902126312,
    -0.013386975042521954,
    0.14279630780220032,
    -0.08710183948278427,
    -0.05936727300286293,
    -0.0274956077337265
  ],
  "L": [
    -0.06070071831345558,
    0.1438143253326416,
    0.024517789483070374,
    -0.056247830390930176,
    -0.059842243790626526,
    -0.18747831881046295,
    -0.03380199149250984,
    0.028044965118169785,
    -0.018277309834957123,
    0.06430241465568542,
    0.035324085503816605,
    -0.0705033466219902,
    0.07940712571144104,
    -0.09350382536649704,
    -0.09701213985681534,
    -0.041760560125112534
  ],
  "M": [
    -0.027458306401968002,
    0.1273437738418579,
    -0.0387473963201046,
    -0.19438108801841736,
    -0.13242192566394806,
    -0.058455292135477066,
    0.0569431371986866,
    0.24627402424812317,
    0.03738650307059288,
    -0.04736592620611191,
    -0.03255440294742584,
    -0.006224680691957474,
    0.06566158682107925,
    -0.22164519131183624,
    -0.04919147863984108,
    -0.15546682476997375
  ],
  "N": [
    -0.08144460618495941,
    0.17588846385478973,
    -0.023100493475794792,
    -0.12277999520301819,
    -0.142564594745636,
    -0.1837705671787262,
    -0.01665344461798668,
    0.07028783112764359,
    -0.02165081538259983,
    -0.06379100680351257,
    0.057699352502822876,
    0.004691726062446833,
    0.10129472613334656,
    -0.21147622168064117,
    -0.028142740949988365,
    -0.1196296364068985
  ],
  "P": [
    -0.05263910070061684,
    0.12267246097326279,
    0.0008221837342716753,
    -0.10178651660680771,
    -0.04284621402621269,
    -0.27969902753829956,
    -0.01587478630244732,
    -0.004173401743173599,
    -0.02629823051393032,
    -0.02857157774269581,
    0.04073014482855797,
    -0.11611919850111008,
    0.09266742318868637,
    -0.1262838989496231,
    -0.012013508938252926,
    -0.08927031606435776
  ],
  "Q": [
    -0.051354601979255676,
    0.15140770375728607,
    0.009996825829148293,
    0.008355547674000263,
    -0.07434496283531189,
    -0.10635331273078918,
    -0.03467771038413048,
    0.01704045757651329,
    -0.03271862491965294,
    0.03064107894897461,
    0.05701286718249321,
    -0.026115087792277336,
    0.08846532553434372,
    -0.03082381747663021,
    -0.06399469077587128,
    0.003357327077537775
  ],
  "R": [
    -0.0778469368815422,
    0.18363216519355774,
    0.005642849951982498,
    -0.03922555223107338,
    -0.1442326307296753,
    -0.09069670736789703,
    -0.0525081604719162,
    -0.011238550767302513,
    -0.03821924701333046,
    0.06362311542034149,
    0.10194260627031326,
    0.040952883660793304,
    0.09412765502929688,
    -0.11569840461015701,
    -0.052261848002672195,
    -0.05883660912513733
  ],
  "S": [
    -0.05268191173672676,
    0.14498138427734375,
    0.008592918515205383,
    -0.06537944078445435,
    -0.10223674029111862,
    -0.14505232870578766,
    -0.020389419049024582,
    0.1441998928785324,
    -0.01566610112786293,
    0.056489404290914536,
    0.04503529891371727,
    -0.03706492483615875,
    0.09420140832662582,
    -0.10100292414426804,
    -0.11149513721466064,
    -0.05789516121149063
  ],
  "T": [
    -0.06257455050945282,
    0.18958859145641327,
    0.05311225354671478,
    -0.0065979184582829475,
    -0.09567040205001831,
    -0.16073669493198395,
    -0.09396537393331528,
    -0.07283474504947662,
    -0.07305657863616943,
    0.014135705307126045,
    0.1289314180612564,
    0.02970125339925289,
    0.11975694447755814,
    -0.04372210428118706,
    -0.01862187683582306,
    0.003219333477318287
  ],
  "V": [
    -0.055100373923778534,
    0.13347916305065155,
    -0.025845983996987343,
    -0.07270105183124542,
    -0.07164616882801056,
    -0.24757245182991028,
    -0.03546435758471489,
    0.0683058351278305,
    -0.03470298647880554,
    -0.12969562411308289,
    0.08072762191295624,
    -0.05290919542312622,
    0.1454269140958786,
    -0.08765080571174622,
    0.020330986008048058,
    -0.029831133782863617
  ],