{
  "metadata": {
    "use_encoder": "B",
    "curvature": 1.0,
    "latent_dim": 16,
    "hierarchy_correlation": -0.04757650366917294,
    "mean_radius": 0.9781320691108704,
    "std_radius": 0.06309518963098526,
    "min_radius": 0.8242482542991638,
    "max_radius": 1.105421543121338
  },
  "analysis": {
    "mean_intra_aa_distance": 1.0195127040147782,
    "std_intra_aa_distance": 0.3477909728536917,
    "mean_inter_aa_distance": 0.739473017658058,
    "std_inter_aa_distance": 0.25300263927058747,
    "separation_ratio": 0.7253200619728021,
    "radius_hydrophobicity_corr": 0.07669172932330826,
    "radius_mass_corr": -0.07618760029425059
  },
  "extraction_timestamp": "2026-01-04T05:53:01.641155"
}