{
  "spearman": 0.8579253292868843,
  "spearman_p": 4.540327120727771e-11,
  "pearson": 0.8829858899116516,
  "pearson_p": 2.2434061986570386e-12,
  "mae": 0.5316364765167236,
  "rmse": 0.6281077861785889,
  "mean_loss": 0.3945193588733673,
  "std_loss": 0.5524451732635498,
  "residual_mean": 0.06040532886981964,
  "residual_std": 0.6251963973045349,
  "n_samples": 35
}