{
  "train_loss": [
    2.147040910191006,
    1.1610037320190005,
    1.0855663816134136,
    0.9368148181173537,
    0.8346182174152799,
    0.7120864126417372,
    0.5717209544446733,
    0.5229319069120619,
    0.45570683810446,
    0.4312148259745704,
    0.483415855301751,
    0.43840310639805263,
    0.4045461830165651,
    0.4562139179971483,
    0.30656014879544574,
    0.34252602524227566,
    0.3046303689479828,
    0.39105680253770614,
    0.30508367386129165,
    0.30154313147068024,
    0.31180085241794586,
    0.37026093734635246,
    0.2664954529868232,
    0.3115780254205068,
    0.2916541025042534,
    0.30566907425721485,
    0.29916251864698196,
    0.2945651022924317,
    0.2821880429983139,
    0.28639304886261624,
    0.2628704971737332,
    0.24180717931853402,
    0.2328740805387497,
    0.27501851154698265,
    0.26209526591830784
  ],
  "val_loss": [
    0.8798261880874634,
    0.5438652336597443,
    0.4665388762950897,
    0.3697737157344818,
    0.4097452461719513,
    0.354261189699173,
    0.47166364391644794,
    0.3817848016818364,
    0.760641078154246,
    0.6893450717131296,
    0.7475468118985494,
    0.7940550545851389,
    0.8352700769901276,
    0.8389082054297129,
    0.7391988883415858,
    1.1738432844479878,
    0.7701231042544047,
    0.6542017757892609,
    0.7695686469475428,
    0.3396276980638504,
    0.652403304974238,
    0.4232454150915146,
    0.5893072982629141,
    0.4998120963573456,
    0.5290457506974539,
    0.5235914289951324,
    0.5622337162494659,
    0.414254109064738,
    0.5153084894021353,
    0.327543169260025,
    0.6108376681804657,
    0.6613942980766296,
    0.5233277330795923,
    0.5419154812892278,
    0.30510413646698
  ],
  "val_spearman": [
    0.07677162353439178,
    0.3199746398179048,
    0.33799196222460837,
    0.7948560714641332,
    0.8620170708458545,
    0.8554769704174332,
    0.8416679645336118,
    0.8436418905749002,
    0.765671811944012,
    0.7673822581415137,
    0.7787843206468558,
    0.7583125865064319,
    0.7603200249541263,
    0.7816042149915533,
    0.7898447659554458,
    0.7593270496684424,
    0.7717345847851117,
    0.7739740800597324,
    0.7694590548912135,
    0.8033174014457247,
    0.8491406845470605,
    0.8329262920650494,
    0.8110164448141515,
    0.8234371630779254,
    0.8301063977203519,
    0.8277094875273588,
    0.8206597516656149,
    0.814840465160757,
    0.8261189090666948,
    0.8067821090424103,
    0.8243256143137218,
    0.7810402361226139,
    0.8441854083594569,
    0.8302473924375867,
    0.8158791574050501
  ],
  "val_pearson": [
    0.7588927745819092,
    0.7760528326034546,
    0.8247659206390381,
    0.8690829873085022,
    0.8829857707023621,
    0.885746955871582,
    0.8841944336891174,
    0.897018551826477,
    0.87620609998703,
    0.8619991540908813,
    0.8783617615699768,
    0.8623139262199402,
    0.8408478498458862,
    0.8636566996574402,
    0.862517237663269,
    0.8422613739967346,
    0.8514825105667114,
    0.8811109066009521,
    0.8681795597076416,
    0.8944228887557983,
    0.8902068138122559,
    0.8797767758369446,
    0.8792027235031128,
    0.8872319459915161,
    0.8856293559074402,
    0.8891628980636597,
    0.8825433850288391,
    0.8891757130622864,
    0.8850386142730713,
    0.901541531085968,
    0.8893171548843384,
    0.8777711987495422,
    0.8883084654808044,
    0.8950960040092468,
    0.9081478714942932
  ]
}