{
  "train_loss": [
    9.10325574874878,
    5.016034841537476,
    2.5034950375556946,
    2.272267758846283,
    2.1425259709358215,
    2.557598292827606,
    2.201656699180603,
    1.9612147212028503,
    1.5900958776474,
    1.866034984588623,
    1.88656684756279,
    1.3896887004375458,
    1.7633121609687805,
    1.67192542552948,
    1.6050746440887451,
    1.2458227574825287,
    1.7008110284805298,
    1.3848745226860046,
    2.0540878772735596,
    1.702017366886139,
    1.869159996509552,
    1.9632704854011536,
    1.6774898171424866,
    2.0634700655937195,
    1.4847081303596497,
    1.7505093216896057,
    1.2648654878139496,
    1.4752719402313232,
    1.7794010639190674,
    1.7790892124176025,
    1.5524478554725647
  ],
  "val_loss": [
    5.002208232879639,
    2.355999708175659,
    1.323213815689087,
    0.8881875872612,
    0.9362046122550964,
    1.0930025577545166,
    1.1689990758895874,
    1.0983259677886963,
    0.9795670509338379,
    1.0173534154891968,
    1.0883877277374268,
    1.0639283657073975,
    1.0402320623397827,
    1.0634723901748657,
    1.0850414037704468,
    1.0942227840423584,
    1.103913426399231,
    1.1448301076889038,
    1.2027575969696045,
    1.2545140981674194,
    1.272215723991394,
    1.2866724729537964,
    1.285467505455017,
    1.2569286823272705,
    1.2534502744674683,
    1.2578117847442627,
    1.2721513509750366,
    1.2855030298233032,
    1.301711082458496,
    1.2918407917022705,
    1.2766379117965698
  ],
  "val_spearman": [
    0.5348557157592997,
    0.35237553038259745,
    0.35237553038259745,
    0.35237553038259745,
    0.35237553038259745,
    0.35237553038259745,
    0.35237553038259745,
    0.35237553038259745,
    0.35237553038259745,
    0.35237553038259745,
    0.35237553038259745,
    0.35237553038259745,
    0.35237553038259745,
    0.35237553038259745,
    0.35237553038259745,
    0.35237553038259745,
    0.35237553038259745,
    0.30203616889936924,
    0.30203616889936924,
    0.30203616889936924,
    0.2894513285285622,
    0.2894513285285622,
    0.2894513285285622,
    0.2894513285285622,
    0.2894513285285622,
    0.2894513285285622,
    0.2894513285285622,
    0.119555983522667,
    0.119555983522667,
    0.119555983522667,
    0.119555983522667
  ],
  "val_pearson": [
    0.6722228527069092,
    0.6337071657180786,
    0.6287227272987366,
    0.6648054122924805,
    0.7039802670478821,
    0.726067841053009,
    0.7364689111709595,
    0.7416725754737854,
    0.7264301776885986,
    0.6916940808296204,
    0.6639661192893982,
    0.6577871441841125,
    0.6529772281646729,
    0.652403712272644,
    0.6397711634635925,
    0.6215797066688538,
    0.5938243865966797,
    0.5482915639877319,
    0.5167443156242371,
    0.48435258865356445,
    0.47222670912742615,
    0.45981141924858093,
    0.4486570358276367,
    0.45103728771209717,
    0.43149325251579285,
    0.41385602951049805,
    0.37890827655792236,
    0.33858516812324524,
    0.299234539270401,
    0.31220850348472595,
    0.34366375207901
  ]
}