{
  "timestamp": "20251227_060226",
  "cluster_accuracy": 0.984375,
  "synonymous_accuracy": 1.0,
  "separation_ratio": 58.665032982325634,
  "codon_to_position": {
    "TTT": 17415,
    "TTC": 17415,
    "TTA": 15309,
    "TTG": 15309,
    "TCT": 4374,
    "TCC": 4374,
    "TCA": 4374,
    "TCG": 4374,
    "TAT": 4878,
    "TAC": 4878,
    "TAA": 13851,
    "TAG": 13851,
    "TGT": 17010,
    "TGC": 17010,
    "TGA": 13851,
    "TGG": 13200,
    "CTT": 15309,
    "CTC": 15309,
    "CTA": 15309,
    "CTG": 15309,
    "CCT": 2187,
    "CCC": 2187,
    "CCA": 2187,
    "CCG": 2187,
    "CAT": 5076,
    "CAC": 5076,
    "CAA": 4878,
    "CAG": 4878,
    "CGT": 2187,
    "CGC": 2187,
    "CGA": 2187,
    "CGG": 2187,
    "ATT": 3645,
    "ATC": 3645,
    "ATA": 3645,
    "ATG": 11664,
    "ACT": 10935,
    "ACC": 10935,
    "ACA": 10935,
    "ACG": 10935,
    "AAT": 11691,
    "AAC": 11691,
    "AAA": 11691,
    "AAG": 11691,
    "AGT": 4374,
    "AGC": 4374,
    "AGA": 2187,
    "AGG": 2187,
    "GTT": 14580,
    "GTC": 14580,
    "GTA": 14580,
    "GTG": 14580,
    "GCT": 0,
    "GCC": 0,
    "GCA": 0,
    "GCG": 0,
    "GAT": 3402,
    "GAC": 3402,
    "GAA": 1053,
    "GAG": 17415,
    "GGT": 0,
    "GGC": 0,
    "GGA": 0,
    "GGG": 0
  }
}