{
  "timestamp": "20251227_204238",
  "cluster_accuracy": 0.984375,
  "synonymous_accuracy": 1.0,
  "separation_ratio": 10.743247620075216,
  "hierarchy": 0.49133003804828823,
  "codon_to_position": {
    "TTT": 18711,
    "TTC": 18711,
    "TTA": 0,
    "TTG": 0,
    "TCT": 3645,
    "TCC": 3645,
    "TCA": 3645,
    "TCG": 3645,
    "TAT": 12150,
    "TAC": 12150,
    "TAA": 3159,
    "TAG": 3159,
    "TGT": 9720,
    "TGC": 9720,
    "TGA": 3159,
    "TGG": 14337,
    "CTT": 0,
    "CTC": 0,
    "CTA": 0,
    "CTG": 0,
    "CCT": 5103,
    "CCC": 5103,
    "CCA": 5103,
    "CCG": 5103,
    "CAT": 15066,
    "CAC": 15066,
    "CAA": 5589,
    "CAG": 5589,
    "CGT": 4374,
    "CGC": 4374,
    "CGA": 4374,
    "CGG": 4374,
    "ATT": 972,
    "ATC": 4131,
    "ATA": 4131,
    "ATG": 12636,
    "ACT": 19197,
    "ACC": 19197,
    "ACA": 19197,
    "ACG": 19197,
    "AAT": 17982,
    "AAC": 17982,
    "AAA": 1215,
    "AAG": 1215,
    "AGT": 3645,
    "AGC": 3645,
    "AGA": 4374,
    "AGG": 4374,
    "GTT": 14094,
    "GTC": 14094,
    "GTA": 14094,
    "GTG": 14094,
    "GCT": 12393,
    "GCC": 12393,
    "GCA": 12393,
    "GCG": 12393,
    "GAT": 15552,
    "GAC": 15552,
    "GAA": 10692,
    "GAG": 10692,
    "GGT": 9477,
    "GGC": 9477,
    "GGA": 2916,
    "GGG": 2916
  }
}