{
  "metadata": {
    "version": "v1_12dim_trainable",
    "timestamp": "2026-01-23T16:51:46.533998",
    "architecture": {
      "input_dim": 12,
      "hidden_dim": 64,
      "latent_dim": 16
    },
    "training": {
      "epochs": 10,
      "lr": 0.001
    }
  },
  "embedding_analysis": {
    "radius_range": [
      2.9444375038146973,
      2.9444398880004883
    ],
    "radius_mean": 2.9444384574890137,
    "radius_std": 6.710487809868937e-07,
    "hierarchy_radius_corr": 0.05333889786713551,
    "padic_distance_corr": 0.5801570738742776,
    "aa_radii": {
      "L": 1.3361,
      "R": 1.3641,
      "S": 1.6618,
      "A": 2.2006,
      "F": 2.2146,
      "V": 2.2148,
      "G": 2.2906,
      "I": 2.3223,
      "Q": 2.3407,
      "P": 2.4364,
      "E": 2.4878,
      "T": 2.5239,
      "K": 2.5283,
      "D": 2.5313,
      "N": 2.6226,
      "H": 2.6282,
      "Y": 2.6376,
      "C": 2.6648,
      "M": 2.9444,
      "W": 2.9444
    }
  },
  "ddg_evaluation": {
    "n_samples": 52,
    "best_alpha": 0.01,
    "loo_pearson_r": 0.5925631356734941,
    "loo_spearman_r": 0.5796297073829015,
    "loo_mae": 0.8457983079441458,
    "loo_rmse": 1.165159208943064,
    "train_pearson_r": 0.7215600547950343,
    "train_spearman_r": 0.7525241805925709,
    "coefficients": {
      "hyp_distance": 0.366522609040474,
      "delta_norm": 1.3923053533221739,
      "delta_hydro": -1.3158377067729656,
      "delta_charge": 0.7615882344121708
    },
    "intercept": 0.8371440306243163
  },
  "comparison": {
    "Rosetta_ddg_monomer": 0.69,
    "FoldX": 0.48,
    "ELASPIC-2": 0.5,
    "Baseline_padic": 0.3,
    "This_work_LOO": 0.5796297073829015
  }
}