{
  "timestamp": "2025-12-28T07:28:07.683948",
  "dataset": "Rheumatoid Arthritis Citrullination",
  "n_sites": 636951,
  "classification": {
    "hyperbolic_auc": 0.59796911248638,
    "euclidean_auc": 0.5805734909682915,
    "radial_auc": 0.4725944223497075,
    "auc_improvement_pct": 2.996282432578129,
    "ttest_pvalue": 3.6989405435067752e-06
  },
  "regression": {
    "hyperbolic_r2": 0.10958777393179475,
    "euclidean_r2": 0.06680992976541933,
    "radial_r2": 0.00022056979413276334,
    "r2_improvement_pct": 64.02917098786884
  },
  "winner": "hyperbolic"
}