{
  "spearman": 0.7240008765419299,
  "spearman_p": 1.3014008721132633e-06,
  "pearson": 0.564687967300415,
  "pearson_p": 0.0005031824694015086,
  "mae": 0.659497857093811,
  "rmse": 0.9950042963027954,
  "n_samples": 34,
  "s669_spearman": 0.39999999999999997,
  "s669_n": 5,
  "protherm_spearman": 0.8702317411760626,
  "protherm_n": 29
}