{
  "train_loss": [
    1.5456159114837646,
    1.1722573041915894,
    0.7865033745765686,
    0.7449251860380173,
    0.7357205450534821,
    0.6047607306391001,
    1.0002989768981934,
    0.6173452734947205,
    0.5532111190259457,
    0.5398389101028442,
    0.4986346736550331,
    0.5854549184441566,
    0.455562642775476,
    0.5286915376782417,
    0.5242192074656487,
    0.5460509657859802,
    0.48885883018374443,
    0.5525232031941414,
    0.4876846745610237,
    0.620071217417717,
    0.6125174090266228,
    0.6305750757455826,
    0.4513915628194809,
    0.5143498629331589,
    0.5814381018280983,
    0.4935881942510605,
    0.45181686989963055,
    0.4114815965294838,
    0.5257999673485756,
    0.4228152334690094,
    0.7670669928193092,
    0.7992400974035263,
    0.6424848288297653,
    0.41487755347043276,
    0.6526267379522324,
    0.4749257527291775,
    0.4497483801096678,
    0.4416789151728153,
    0.4332224428653717,
    0.45411453023552895,
    0.6940391734242439
  ],
  "val_loss": [
    1.3140404224395752,
    1.3451999425888062,
    1.1207181215286255,
    1.168483018875122,
    1.1092396974563599,
    0.947549045085907,
    0.976542055606842,
    1.0092371702194214,
    0.898481011390686,
    0.913015604019165,
    0.9900335669517517,
    0.8947574496269226,
    1.0226330757141113,
    1.0003886222839355,
    0.8848168253898621,
    1.1018681526184082,
    0.9232943058013916,
    1.1843972206115723,
    0.8798647522926331,
    1.0441066026687622,
    0.970940113067627,
    0.8896992802619934,
    1.1737385988235474,
    0.9911182522773743,
    0.969448983669281,
    0.9572648406028748,
    0.9395022988319397,
    0.9518885016441345,
    1.0174155235290527,
    0.9358457922935486,
    0.990644097328186,
    0.9600817561149597,
    0.8874833583831787,
    1.0718728303909302,
    0.9785044193267822,
    0.9057117104530334,
    1.0577125549316406,
    1.0590194463729858,
    0.9794489741325378,
    0.9653272032737732,
    1.0366597175598145
  ],
  "val_spearman": [
    0.3773702029852645,
    0.2636802850985864,
    0.1589496270453693,
    0.14041322738993264,
    0.16327478696497116,
    0.16327478696497116,
    0.6761151774320519,
    0.6779688173975955,
    0.5519212997406263,
    0.6544893778340425,
    0.7240008765419299,
    0.26244452512155725,
    0.6211238584542565,
    0.6186523385001983,
    0.6779688173975955,
    0.5664414794707183,
    0.6523267978742415,
    0.6838386772884838,
    0.1629658469707139,
    0.17285192678694677,
    0.17655920671803413,
    0.158640687051112,
    0.29581004450134324,
    0.670554257535421,
    0.6436764780350378,
    0.6770419974148236,
    0.6720989575067072,
    0.6699363775469064,
    0.679513517368882,
    0.6708631975296783,
    0.670554257535421,
    0.6730257774894791,
    0.1725429867926895,
    0.1589496270453693,
    0.15678704708556834,
    0.6958873370645177,
    0.24205448550057693,
    0.6535625578512707,
    0.6720989575067072,
    0.6523267978742415,
    0.4904422408834281
  ]
}