{
  "config": {
    "latent_dim": 16,
    "hidden_dim": 64,
    "n_layers": 2,
    "n_heads": 4,
    "dropout": 0.15,
    "max_radius": 0.95,
    "curvature": 1.0,
    "epochs": 100,
    "batch_size": 32,
    "learning_rate": 0.0005,
    "weight_decay": 0.0001,
    "grad_clip": 1.0,
    "reconstruction_weight": 0.5,
    "mic_weight": 5.0,
    "property_weight": 0.5,
    "radial_weight": 0.3,
    "cohesion_weight": 0.2,
    "separation_weight": 0.2,
    "use_curriculum": false,
    "n_folds": 5,
    "fold_idx": 0,
    "val_every": 1,
    "early_stop_patience": 20,
    "min_epochs": 30,
    "warmup_epochs": 5,
    "min_pred_std": 0.05,
    "checkpoint_dir": ".",
    "log_dir": "logs_definitive",
    "seed": 42
  },
  "fold_metrics": [
    {
      "val_recon_loss": 0.006148353684693575,
      "val_recon_recon_ce": 0.006148353684693575,
      "val_recon_recon_accuracy": 1.0,
      "val_mic_loss": 0.06797506163517635,
      "val_mic_mic_loss": 0.06797506163517635,
      "val_mic_mic_mae": 0.3033115267753601,
      "val_property_loss": 0.17833109696706137,
      "val_property_property_loss": 0.17833109696706137,
      "val_property_property_corr": 0.8216689030329386,
      "val_radial_loss": 0.0154969971626997,
      "val_radial_radial_loss": 0.0154969971626997,
      "val_radial_radius_mean": 0.49092312653859455,
      "val_radial_radius_std": 0.05393236130475998,
      "val_radial_target_radius_mean": 0.48647932211558026,
      "val_cohesion_loss": 0.3258789082368215,
      "val_cohesion_cohesion_loss": 0.3258789082368215,
      "val_cohesion_n_intra_pairs": 94.33333333333333,
      "val_separation_loss": 0.3614548941453298,
      "val_separation_separation_loss": 0.3614548941453298,
      "val_separation_avg_inter_dist": 0.13854511972102854,
      "val_separation_n_pathogens": 3.6666666666666665,
      "val_curriculum_reconstruction": 1.0,
      "val_curriculum_mic": 1.0,
      "val_curriculum_property": 1.0,
      "val_curriculum_radial": 1.0,
      "val_curriculum_cohesion": 1.0,
      "val_curriculum_separation": 1.0,
      "val_total_loss": 0.5742308795452118,
      "val_loss": 0.5742308795452118,
      "val_pred_std": 0.35484519600868225,
      "val_pred_mean": 0.7164136171340942,
      "val_target_std": 0.49178314208984375,
      "val_pearson_r": 0.7032880783081055,
      "val_pearson_p": 3.984588172911492e-12,
      "val_spearman_r": 0.6945254407154526,
      "val_spearman_p": 9.435040346401459e-12
    },
    {
      "val_recon_loss": 0.0025148754939436913,
      "val_recon_recon_ce": 0.0025148754939436913,
      "val_recon_recon_accuracy": 1.0,
      "val_mic_loss": 0.08897197494904201,
      "val_mic_mic_loss": 0.08897197494904201,
      "val_mic_mic_mae": 0.31084426244099933,
      "val_property_loss": 0.1558420459429423,
      "val_property_property_loss": 0.1558420459429423,
      "val_property_property_corr": 0.8441579540570577,
      "val_radial_loss": 0.0143113499507308,
      "val_radial_radial_loss": 0.0143113499507308,
      "val_radial_radius_mean": 0.5235042770703634,
      "val_radial_radius_std": 0.0725431355337302,
      "val_radial_target_radius_mean": 0.4868454337120056,
      "val_cohesion_loss": 0.3950991133848826,
      "val_cohesion_cohesion_loss": 0.3950991133848826,
      "val_cohesion_n_intra_pairs": 112.66666666666667,
      "val_separation_loss": 0.2833247383435567,
      "val_separation_separation_loss": 0.2833247383435567,
      "val_separation_avg_inter_dist": 0.216675262277325,
      "val_separation_n_pathogens": 3.6666666666666665,
      "val_curriculum_reconstruction": 1.0,
      "val_curriculum_mic": 1.0,
      "val_curriculum_property": 1.0,
      "val_curriculum_radial": 1.0,
      "val_curriculum_cohesion": 1.0,
      "val_curriculum_separation": 1.0,
      "val_total_loss": 0.6640164852142334,
      "val_loss": 0.6640164852142334,
      "val_pred_std": 0.33064234256744385,
      "val_pred_mean": 0.6642123460769653,
      "val_target_std": 0.48434537649154663,
      "val_pearson_r": 0.544636070728302,
      "val_pearson_p": 6.318296613862386e-07,
      "val_spearman_r": 0.5580902027923121,
      "val_spearman_p": 2.8983886503241015e-07
    },
    {
      "val_recon_loss": 0.013982350938022137,
      "val_recon_recon_ce": 0.013982350938022137,
      "val_recon_recon_accuracy": 1.0,
      "val_mic_loss": 0.08170052617788315,
      "val_mic_mic_loss": 0.08170052617788315,
      "val_mic_mic_mae": 0.32712220152219135,
      "val_property_loss": 0.27125845352808636,
      "val_property_property_loss": 0.27125845352808636,
      "val_property_property_corr": 0.7287415464719137,
      "val_radial_loss": 0.018992925217996042,
      "val_radial_radial_loss": 0.018992925217996042,
      "val_radial_radius_mean": 0.5637240807215372,
      "val_radial_radius_std": 0.09433659662803014,
      "val_radial_target_radius_mean": 0.488008310397466,
      "val_cohesion_loss": 0.3993357668320338,
      "val_cohesion_cohesion_loss": 0.3993357668320338,
      "val_cohesion_n_intra_pairs": 98.66666666666667,
      "val_separation_loss": 0.20593949407339096,
      "val_separation_separation_loss": 0.20593949407339096,
      "val_separation_avg_inter_dist": 0.33318246197369367,
      "val_separation_n_pathogens": 4.0,
      "val_curriculum_reconstruction": 1.0,
      "val_curriculum_mic": 1.0,
      "val_curriculum_property": 1.0,
      "val_curriculum_radial": 1.0,
      "val_curriculum_cohesion": 1.0,
      "val_curriculum_separation": 1.0,
      "val_total_loss": 0.6778759658336639,
      "val_loss": 0.6778759658336639,
      "val_pred_std": 0.2608987092971802,
      "val_pred_mean": 0.7647803425788879,
      "val_target_std": 0.49617999792099,
      "val_pearson_r": 0.6872689723968506,
      "val_pearson_p": 1.8830072778378156e-11,
      "val_spearman_r": 0.7367662161277906,
      "val_spearman_p": 1.0852267930706848e-13
    },
    {
      "val_recon_loss": 0.014060640397171179,
      "val_recon_recon_ce": 0.014060640397171179,
      "val_recon_recon_accuracy": 1.0,
      "val_mic_loss": 0.12855115036169687,
      "val_mic_mic_loss": 0.12855115036169687,
      "val_mic_mic_mae": 0.37001901865005493,
      "val_property_loss": 0.17370901505152384,
      "val_property_property_loss": 0.17370901505152384,
      "val_property_property_corr": 0.8262909849484762,
      "val_radial_loss": 0.024859982853134472,
      "val_radial_radial_loss": 0.024859982853134472,
      "val_radial_radius_mean": 0.5619877775510153,
      "val_radial_radius_std": 0.12340079496304195,
      "val_radial_target_radius_mean": 0.5133489370346069,
      "val_cohesion_loss": 0.44705599546432495,
      "val_cohesion_cohesion_loss": 0.44705599546432495,
      "val_cohesion_n_intra_pairs": 88.66666666666667,
      "val_separation_loss": 0.2845870703458786,
      "val_separation_separation_loss": 0.2845870703458786,
      "val_separation_avg_inter_dist": 0.21541293420725402,
      "val_separation_n_pathogens": 3.6666666666666665,
      "val_curriculum_reconstruction": 1.0,
      "val_curriculum_mic": 1.0,
      "val_curriculum_property": 1.0,
      "val_curriculum_radial": 1.0,
      "val_curriculum_cohesion": 1.0,
      "val_curriculum_separation": 1.0,
      "val_total_loss": 0.8904271821180979,
      "val_loss": 0.8904271821180979,
      "val_pred_std": 0.22881096601486206,
      "val_pred_mean": 0.7334192991256714,
      "val_target_std": 0.4806883931159973,
      "val_pearson_r": 0.6150392293930054,
      "val_pearson_p": 7.069176612274175e-09,
      "val_spearman_r": 0.6542202553067592,
      "val_spearman_p": 3.458436417000346e-10
    },
    {
      "val_recon_loss": 0.006656590228279431,
      "val_recon_recon_ce": 0.006656590228279431,
      "val_recon_recon_accuracy": 1.0,
      "val_mic_loss": 0.1040370911359787,
      "val_mic_mic_loss": 0.1040370911359787,
      "val_mic_mic_mae": 0.36354591449101764,
      "val_property_loss": 0.44317978620529175,
      "val_property_property_loss": 0.44317978620529175,