epitope,hla,peptide_rmsd,hla_rmsd,delta_iptm
fga_r38,drb1_0401,17.29987873945942,16.213701187969573,0.1859999999999999
fgb_r406,drb1_0401,13.30900770155311,26.59373165144253,0.14600000000000002
vim_r71,drb1_0101,16.75256743606782,21.614007141991106,0.08999999999999997
vim_r71,drb1_0401,21.332855017554497,23.035861829173353,0.14200000000000002
