{
  "deterministic": {
    "spearman": 0.7863980353775393,
    "spearman_p": 2.1503823251626312e-08,
    "pearson": 0.86921626329422,
    "pearson_p": 1.2643187712046977e-11,
    "mae": 0.5045188665390015,
    "rmse": 0.6455295085906982,
    "n_samples": 35
  },
  "monte_carlo": {
    "spearman": 0.7107692445871343,
    "spearman_p": 1.7155975982969464e-06,
    "pearson": 0.857557475566864,
    "pearson_p": 4.724625898844259e-11,
    "mae": 0.519676685333252,
    "rmse": 0.6589144468307495,
    "n_samples": 35,
    "uncertainty_calibration": 0.25810084028907504,
    "mean_uncertainty": 0.26157721877098083
  },
  "baseline_refiner_spearman": 0.8122037709965891
}