{
  "train_loss": [
    0.45648778478304547,
    0.38378187351756626,
    0.3937669379843606,
    0.391350206401613,
    0.31252922779983944,
    0.30837207867039573,
    0.3136780924267239,
    0.28899823625882465,
    0.27896564039919114,
    0.3309877034690645,
    0.29356646372212303,
    0.30171871682008106,
    0.31117543909284806,
    0.2845812357134289,
    0.30952130092514885,
    0.33456998732354903,
    0.30841854876942104,
    0.2963810662428538,
    0.3234136650959651,
    0.3000130703051885,
    0.3350808603896035,
    0.3024170390433735,
    0.2999948975112703,
    0.26962146162986755,
    0.30433639387289685,
    0.28134676482942367,
    0.26714997324678635,
    0.3169627885023753,
    0.30140993661350673,
    0.2997313340504964,
    0.2820557902256648,
    0.27590231349070865,
    0.3000831819242901,
    0.30283476246727836,
    0.30772828890217674,
    0.2913201202948888,
    0.26691299345758224,
    0.2881529629230499,
    0.2866801685757107,
    0.2814509719610214,
    0.28324499477942783,
    0.28868530359533096,
    0.28084475960996413
  ],
  "val_loss": [
    0.3540407568216324,
    0.3478522151708603,
    0.36608638366063434,
    0.3426514019568761,
    0.3637684981028239,
    0.3551720380783081,
    0.3470860719680786,
    0.34856172899405163,
    0.3441610634326935,
    0.34495345254739124,
    0.350190669298172,
    0.3443826287984848,
    0.34890543421109516,
    0.3475903272628784,
    0.3520684242248535,
    0.3492850363254547,
    0.3501433829466502,
    0.3487093796332677,
    0.34952743351459503,
    0.34920455018679303,
    0.3509672631820043,
    0.3496151665846507,
    0.3527841567993164,
    0.3503415733575821,
    0.35539062321186066,
    0.34942062695821124,
    0.3494493067264557,
    0.35143064459164935,
    0.3568999767303467,
    0.35837851961453754,
    0.3525877098242442,
    0.34520550568898517,
    0.349560668071111,
    0.34725339710712433,
    0.3581616332133611,
    0.3485218435525894,
    0.34916157523790997,
    0.3493373841047287,
    0.35419754187266034,
    0.3515680581331253,
    0.365622083346049,
    0.34719949464003247,
    0.34726351499557495
  ],
  "val_spearman": [
    0.776704405948865,
    0.7776563629089767,
    0.791252606314883,
    0.7883657227843871,
    0.784556170298449,
    0.7858260211270951,
    0.7851869966065306,
    0.786680024812009,
    0.7825911780121975,
    0.7861082102001276,
    0.7779383523434465,
    0.7827779264900182,
    0.7827779264900182,
    0.7863980353775393,
    0.7843316177912435,
    0.7794892942330301,
    0.7773603489361217,
    0.7824954371625228,
    0.7827779264900182,
    0.7808115163090648,
    0.776704405948865,
    0.7799000505934137,
    0.7779247270821866,
    0.7775651922173965,
    0.776704405948865,
    0.7775651922173965,
    0.7738329855232162,
    0.7775651922173965,
    0.7747423017029024,
    0.7808115163090648,
    0.7827779264900182,
    0.7814520904950922,
    0.7848965964462344,
    0.7848965964462344,
    0.7805180118700543,
    0.7843316177912435,
    0.7839917921523842,
    0.7843316177912435,
    0.7843316177912435,
    0.7805180118700543,
    0.7823641060920364,
    0.7843316177912435,
    0.7843316177912435
  ],
  "val_pearson": [
    0.86280357837677,
    0.868594765663147,
    0.8692160844802856,
    0.8689213395118713,
    0.8674063086509705,
    0.8639259338378906,
    0.863700807094574,
    0.8685845732688904,
    0.8674293160438538,
    0.8651483058929443,
    0.8651974201202393,
    0.8639430999755859,
    0.8649029731750488,
    0.8650336265563965,
    0.8652340769767761,
    0.8661513924598694,
    0.8663904070854187,
    0.8639500737190247,
    0.8630093336105347,
    0.8626799583435059,
    0.863478422164917,
    0.8643503785133362,
    0.8640028834342957,
    0.8635017275810242,
    0.8626230359077454,
    0.8625231385231018,
    0.8622656464576721,
    0.8625803589820862,
    0.863265872001648,
    0.86393803358078,
    0.8638235926628113,
    0.8636748790740967,
    0.8642501831054688,
    0.864250659942627,
    0.8649927377700806,
    0.8641358017921448,
    0.8646863698959351,
    0.8644394874572754,
    0.8643965125083923,
    0.8636589646339417,
    0.863364577293396,
    0.8613308668136597,
    0.8612983822822571
  ]
}