{
  "metadata": {
    "version": "multimodal_v1",
    "mode": "esm_only",
    "timestamp": "2026-01-03T16:08:24.329199",
    "validation": "Leave-One-Out (LOO)"
  },
  "results": {
    "mode": "esm_only",
    "n_samples": 52,
    "n_features": 4,
    "best_alpha": 10.0,
    "loo_spearman": 0.4733571420204359,
    "loo_spearman_p": 0.0003938959029925378,
    "loo_pearson": 0.4574915466924197,
    "loo_pearson_p": 0.0006499397743198283,
    "loo_mae": 0.8620931134623055,
    "loo_rmse": 1.2684525987158606,
    "train_spearman": 0.6047701763760871,
    "train_pearson": 0.5521232076722437,
    "overfitting_ratio": 1.2776192069158172,
    "coefficients": [
      0.17913865293385942,
      -0.18039970659205457,
      -0.32661973067489464,
      0.17914105007512532
    ],
    "intercept": 2.7019230769230766
  },
  "literature_comparison": {
    "Rosetta ddg_monomer": 0.69,
    "ELASPIC-2 (2024)": 0.5,
    "FoldX": 0.48,
    "P-adic baseline": 0.3
  }
}