{
  "deterministic": {
    "spearman": 0.793588765956518,
    "spearman_p": 1.2950852833871601e-08,
    "pearson": 0.8642863631248474,
    "pearson_p": 2.2406148117437574e-11,
    "mae": 0.48988577723503113,
    "rmse": 0.6312726736068726,
    "n_samples": 35
  },
  "monte_carlo": {
    "spearman": 0.7276054683041607,
    "spearman_p": 7.339526533336536e-07,
    "pearson": 0.8617722988128662,
    "pearson_p": 2.9744300772405197e-11,
    "mae": 0.4750053286552429,
    "rmse": 0.6315566897392273,
    "n_samples": 35,
    "uncertainty_calibration": -0.04134695137667705,
    "mean_uncertainty": 0.21543309092521667
  },
  "baseline_refiner_spearman": 0.8122037709965891
}