{
  "train_loss": [
    0.45648778478304547,
    0.38379531105359393,
    0.3940141863293118,
    0.3920598477125168,
    0.31256363954808974,
    0.3091241220633189,
    0.314487303296725,
    0.28862163093354964,
    0.2806701883673668,
    0.32717713548077476,
    0.29338758024904465,
    0.2990410625934601,
    0.3094210426012675,
    0.28553702268335557,
    0.3035618977414237,
    0.3331722898615731
  ],
  "val_loss": [
    0.3540407568216324,
    0.34787213802337646,
    0.36594435572624207,
    0.3428305884202321,
    0.363698144753774,
    0.35648080209891003,
    0.3471944083770116,
    0.34657356639703113,
    0.3449937601884206,
    0.34424441556135815,
    0.3471391201019287,
    0.3448111216227214,
    0.3485199014345805,
    0.34836024045944214,
    0.3478965659936269,
    0.34686582287152606
  ],
  "val_spearman": [
    0.776704405948865,
    0.7833521177721092,
    0.791252606314883,
    0.7883657227843871,
    0.7825911780121975,
    0.79273965341639,
    0.7843316177912435,
    0.784614107118739,
    0.784614107118739,
    0.7848965964462344,
    0.7805180118700543,
    0.7799000505934137,
    0.7843316177912435,
    0.7823641060920364,
    0.7776425380091542,
    0.7813760944119634
  ],
  "val_pearson": [
    0.86280357837677,
    0.8685901165008545,
    0.8692072033882141,
    0.8689426779747009,
    0.8676146864891052,
    0.8642863631248474,
    0.8634687662124634,
    0.8680638074874878,
    0.8678101301193237,
    0.8656169772148132,
    0.8654018640518188,
    0.8645897507667542,
    0.8651309609413147,
    0.8651073575019836,
    0.8649377226829529,
    0.865481972694397
  ]
}