{
  "s669": {
    "best_spearman": 0.4655740584491977,
    "qa_metrics": {
      "spearman": 0.4655740584491977,
      "spearman_p": 1.63504740864924e-08,
      "pearson": 0.40689101815223694,
      "pearson_p": 1.172787278846954e-06,
      "mae": 1.0698703527450562,
      "rmse": 1.5165319442749023,
      "mean_loss": 2.2998690605163574,
      "std_loss": 5.596312522888184,
      "residual_mean": -0.1683800369501114,
      "residual_std": 1.507155418395996,
      "n_samples": 133
    }
  }
}