{
  "metadata": {
    "analysis_date": "2025-12-19T05:20:34.677461",
    "purpose": "Deep analysis of citrullination immunogenicity paradox"
  },
  "shift_amplification": {
    "M->Q": {
      "count": 94,
      "simple_shift_mean": 0.12478759574468083,
      "simple_shift_std": 0.016405428289051643,
      "tcr_shift_mean": 0.2448601595744681,
      "tcr_shift_std": 0.0334164039594466,
      "amplification_mean": 1.9833669325571817,
      "amplification_std": 0.29688858486196,
      "tcr_goldilocks_rate": 0.9574468085106383
    },
    "S->D": {
      "count": 1305,
      "simple_shift_mean": 0.12919763448275862,
      "simple_shift_std": 0.015566971559067078,
      "tcr_shift_mean": 0.253956322605364,
      "tcr_shift_std": 0.04711622854925771,
      "amplification_mean": 1.977530570373739,
      "amplification_std": 0.364754064244673,
      "tcr_goldilocks_rate": 0.8061302681992337
    },
    "R->Q": {
      "count": 713,
      "simple_shift_mean": 0.07493801262272089,
      "simple_shift_std": 0.008869898840631635,
      "tcr_shift_mean": 0.1515599074333801,
      "tcr_shift_std": 0.02249365248896623,
      "amplification_mean": 2.0381943894168386,
      "amplification_std": 0.31400581988963244,
      "tcr_goldilocks_rate": 0.5273492286115007
    },
    "T->D": {
      "count": 392,
      "simple_shift_mean": 0.08853361479591838,
      "simple_shift_std": 0.010093353279034344,
      "tcr_shift_mean": 0.18079071173469385,
      "tcr_shift_std": 0.026085686456839816,
      "amplification_mean": 2.0544522046908855,
      "amplification_std": 0.2948406139544264,
      "tcr_goldilocks_rate": 0.8928571428571429
    },
    "K->Q": {
      "count": 347,
      "simple_shift_mean": 0.05518031988472622,
      "simple_shift_std": 0.006658960314580707,
      "tcr_shift_mean": 0.11316880691642651,
      "tcr_shift_std": 0.017745956489720497,
      "amplification_mean": 2.0661029439885454,
      "amplification_std": 0.3327913708754153,
      "tcr_goldilocks_rate": 0.002881844380403458
    },
    "N->Q": {
      "count": 266,
      "simple_shift_mean": 0.06726081578947368,
      "simple_shift_std": 0.010740828010949777,
      "tcr_shift_mean": 0.1380651240601504,
      "tcr_shift_std": 0.02296303600369876,
      "amplification_mean": 2.0755387332790534,
      "amplification_std": 0.3244619126251619,
      "tcr_goldilocks_rate": 0.3157894736842105
    },
    "Y->D": {
      "count": 186,
      "simple_shift_mean": 0.09349586559139784,
      "simple_shift_std": 0.012946097657487492,
      "tcr_shift_mean": 0.18857465591397848,
      "tcr_shift_std": 0.03364391199301045,
      "amplification_mean": 2.035512410902522,
      "amplification_std": 0.3700051163581873,
      "tcr_goldilocks_rate": 0.8440860215053764
    }
  },
  "hla_convergence": {
    "M->Q": {
      "count": 94,
      "converges_to_risk_rate": 0.5,
      "moves_toward_se_rate": 0.8191489361702128,
      "se_distance_mean": 0.2728405638297872,
      "se_distance_std": 0.08026004151527184,
      "best_se_distribution": {
        "DERAA": 47,
        "QKRAA": 36,
        "QRRAA": 11
      }
    },
    "S->D": {
      "count": 1305,
      "converges_to_risk_rate": 0.5938697318007663,
      "moves_toward_se_rate": 0.42298850574712643,
      "se_distance_mean": 0.24606689578544058,
      "se_distance_std": 0.07786088964520738,
      "best_se_distribution": {
        "DERAA": 530,
        "QRRAA": 360,
        "QKRAA": 411,
        "RRRAA": 4
      }
    },
    "R->Q": {
      "count": 713,
      "converges_to_risk_rate": 0.7938288920056101,
      "moves_toward_se_rate": 0.16690042075736325,
      "se_distance_mean": 0.2401953786816269,
      "se_distance_std": 0.07923611367895929,
      "best_se_distribution": {
        "DERAA": 147,
        "QRRAA": 238,
        "QKRAA": 327,
        "RRRAA": 1
      }
    },
    "T->D": {
      "count": 392,
      "converges_to_risk_rate": 0.42091836734693877,
      "moves_toward_se_rate": 0.6122448979591837,
      "se_distance_mean": 0.26736280102040816,
      "se_distance_std": 0.08421641407192469,
      "best_se_distribution": {
        "DERAA": 227,
        "QKRAA": 111,
        "QRRAA": 54
      }
    },
    "K->Q": {
      "count": 347,
      "converges_to_risk_rate": 0.49855907780979825,
      "moves_toward_se_rate": 0.11815561959654179,
      "se_distance_mean": 0.2850071988472622,
      "se_distance_std": 0.09276688893720249,
      "best_se_distribution": {
        "QRRAA": 25,
        "DERAA": 174,
        "QKRAA": 148
      }
    },
    "N->Q": {
      "count": 266,
      "converges_to_risk_rate": 0.5902255639097744,
      "moves_toward_se_rate": 0.9323308270676691,
      "se_distance_mean": 0.2862228045112782,
      "se_distance_std": 0.09085454866499354,
      "best_se_distribution": {
        "QKRAA": 114,
        "DERAA": 109,
        "QRRAA": 43
      }
    },
    "Y->D": {
      "count": 186,
      "converges_to_risk_rate": 0.3010752688172043,
      "moves_toward_se_rate": 0.9838709677419355,
      "se_distance_mean": 0.2831118817204301,
      "se_distance_std": 0.07932347819283812,
      "best_se_distribution": {
        "DERAA": 130,
        "QKRAA": 40,
        "QRRAA": 16
      }
    }
  },
  "pad_substrate_analysis": {
    "total_rq_sites": 713,
    "predicted_substrates": 181,
    "by_motif": {
      "glycine_flanked": 201,
      "proline_adjacent": 97,
      "lysine_adjacent": 72,
      "serine_adjacent": 107
    },
    "substrate_vs_interface": {
      "both_pad_and_tcr_gold": 106,
      "pad_only": 75,
      "tcr_gold_only": 270,
      "neither": 262
    },
    "pad_substrate_rate": 0.2538569424964937
  },
  "known_acpa_analysis": {
    "total_known": 6,
    "sites": [
      {
        "protein": "Fibrinogen alpha",
        "position": 271,
        "simple_shift": 0.078611,
        "tcr_shift": 0.158801,
        "amplification": 2.020086247471728,
        "tcr_goldilocks": true,
        "tcr_class": "MODERATE",
        "hla_converges": true,
        "best_se": "QKRAA",
        "se_distance": 0.263977,
        "pad_substrate": true,
        "interface_score": 3
      },
      {
        "protein": "Fibrinogen alpha",
        "position": 573,
        "simple_shift": 0.069054,
        "tcr_shift": 0.178703,
        "amplification": 2.5878732586092044,
        "tcr_goldilocks": true,
        "tcr_class": "MODERATE",
        "hla_converges": true,
        "best_se": "QRRAA",
        "se_distance": 0.210619,
        "pad_substrate": true,
        "interface_score": 3
      },
      {
        "protein": "Fibrinogen beta",
        "position": 72,
        "simple_shift": 0.073153,
        "tcr_shift": 0.17058,
        "amplification": 2.331825078944131,
        "tcr_goldilocks": true,
        "tcr_class": "MODERATE",
        "hla_converges": true,
        "best_se": "QKRAA",
        "se_distance": 0.124384,
        "pad_substrate": false,
        "interface_score": 2
      },
      {
        "protein": "Vimentin",
        "position": 71,
        "simple_shift": 0.054965,
        "tcr_shift": 0.120634,
        "amplification": 2.194742108614573,
        "tcr_goldilocks": false,
        "tcr_class": "MODERATE",
        "hla_converges": true,
        "best_se": "QRRAA",
        "se_distance": 0.184588,
        "pad_substrate": false,
        "interface_score": 1
      },
      {
        "protein": "Alpha-enolase",
        "position": 9,
        "simple_shift": 0.072524,
        "tcr_shift": 0.144852,
        "amplification": 1.9972974463625834,
        "tcr_goldilocks": false,
        "tcr_class": "MODERATE",
        "hla_converges": false,
        "best_se": "DERAA",
        "se_distance": 0.334145,
        "pad_substrate": false,
        "interface_score": 0
      },
      {
        "protein": "Alpha-enolase",
        "position": 15,
        "simple_shift": 0.077502,
        "tcr_shift": 0.184457,
        "amplification": 2.380028902479936,
        "tcr_goldilocks": true,
        "tcr_class": "MODERATE",
        "hla_converges": false,