{
  "dataset": "C:\\Users\\Gestalt\\Desktop\\ternary\\repos\\ternary-vaes\\deliverables\\partners\\jose_colbes\\reproducibility\\data\\S669\\S669.csv",
  "n_mutations": 669,
  "training": {
    "spearman": 0.34453305428632675,
    "pearson": 0.3431886849381797,
    "mae": 1.144594267720746,
    "rmse": 1.5355048121912167
  },
  "cross_validation": {
    "cv5_r2": 0.0777161080878711,
    "cv5_std": 0.012425182702847872,
    "cv10_r2": 0.06030909849004514,
    "cv_spearman": 0.3121077628953709,
    "cv_pearson": 0.3077703043230055,
    "padic_only_r2": -0.023787311869665605,
    "phys_only_r2": 0.07572390712968838
  },
  "triviality": {
    "is_nontrivial": false,
    "padic_contribution": 0.001992200958182727
  },
  "weights": {
    "padic_min": -0.6704400744531515,
    "padic_mean": 0.819615663357027,
    "delta_volume": 0.6748433889924953,
    "delta_hydro": 0.11348412470970068,
    "delta_charge": 0.065930709879909,
    "delta_polarity": -0.24285498930563795,
    "degeneracy_ratio": 0.16445586617639965
  }
}