{
  "weights": {
    "padic_distance": -0.3111304702494196,
    "radial_delta": -1.0951579934501985,
    "delta_volume": -2.1422478609160556,
    "delta_hydro": -1.1600254710134612,
    "delta_charge": 1.3115151590232068,
    "bias": 1.0234839820997526
  },
  "curvature": 1.0,
  "timestamp": "2026-01-03T12:15:47.895542"
}