{
  "version": "v2",
  "weights": {
    "padic_min": 0.3920359995079733,
    "padic_mean": 0.3920359995079741,
    "delta_volume": -1.4165146309788414,
    "delta_hydro": -0.863963114840176,
    "delta_charge": 1.0885673968871352,
    "delta_polarity": 0.29431352286282925,
    "degeneracy_ratio": -0.4325580090305298,
    "bias": 0.8594178995031712
  },
  "timestamp": "2026-01-03T12:40:02.877095"
}