{
  "timestamp": "2026-01-03T11:26:04.681648",
  "dataset": "S669",
  "n_mutations": 52,
  "metrics": {
    "padic_radial": {
      "pearson_r": -0.1494752991303664,
      "pearson_p": 0.29022170485033055,
      "spearman_r": -0.4532354079340639,
      "spearman_p": 0.0007403809280465802,
      "mae": 2.7057596153846153,
      "rmse": 2.935642760669157,
      "n_samples": 52
    },
    "padic_weighted": {
      "pearson_r": 0.21650972838566757,
      "pearson_p": 0.12315355770606125,
      "spearman_r": 0.5316871509517893,
      "spearman_p": 4.99040586236187e-05,
      "mae": 1.9074384615384612,
      "rmse": 2.154248126184454,
      "n_samples": 52
    },
    "padic_geodesic": {
      "pearson_r": 0.4285390308324569,
      "pearson_p": 0.0015266961547914862,
      "spearman_r": 0.40532018499225553,
      "spearman_p": 0.002874585414585452,
      "mae": 1.9176072812364473,
      "rmse": 2.1343402201371884,
      "n_samples": 52
    }
  },
  "literature_comparison": {
    "Rosetta ddg_monomer": {
      "spearman_r": 0.69,
      "dataset": "1,210 mutations"
    },
    "Rosetta cartesian_ddg": {
      "accuracy": 0.591,
      "dataset": "Kellogg set"
    },
    "FoldX 5.0": {
      "spearman_r": 0.48,
      "dataset": "Various"
    },
    "ELASPIC-2 (2024)": {
      "spearman_r": 0.5,
      "dataset": "S669"
    },
    "State-of-art 2024": {
      "spearman_r": 0.55,
      "dataset": "S669"
    }
  },
  "best_model": "padic_weighted",
  "best_spearman": 0.5316871509517893,
  "assessment": "EXCELLENT - Matches state-of-art sequence-only methods"
}