{
  "euclidean": {
    "name": "euclidean_v5.5",
    "n_embeddings": 19683,
    "embedding_dim": 16,
    "radial_stats": {
      "mean": 5.083415985107422,
      "std": 0.5416973233222961,
      "min": 3.2349495887756348,
      "max": 7.428411483764648,
      "range": 4.193461894989014
    },
    "valuation_radial_correlation": 0.11196232577871928,
    "distance_valuation_correlation": 0.1943464002315866,
    "separation_ratio": 1.084418122219968,
    "per_valuation_stats": {
      "0": {
        "count": 13122,
        "mean_radius": 5.058359622955322,
        "std_radius": 0.5307217240333557,
        "min_radius": 3.2349495887756348,
        "max_radius": 6.936359882354736
      },
      "1": {
        "count": 4374,
        "mean_radius": 5.096928119659424,
        "std_radius": 0.5110594034194946,
        "min_radius": 3.4638750553131104,
        "max_radius": 6.917006492614746
      },
      "2": {
        "count": 1458,
        "mean_radius": 5.173550605773926,
        "std_radius": 0.6202026009559631,
        "min_radius": 3.468505620956421,
        "max_radius": 7.271561145782471
      },
      "3": {
        "count": 486,
        "mean_radius": 4.999276638031006,
        "std_radius": 0.5471797585487366,
        "min_radius": 3.680881977081299,
        "max_radius": 6.597377777099609
      },
      "4": {
        "count": 162,
        "mean_radius": 5.673534393310547,
        "std_radius": 0.5193134546279907,
        "min_radius": 4.6551432609558105,
        "max_radius": 7.088286876678467
      },
      "5": {
        "count": 54,
        "mean_radius": 6.256444931030273,
        "std_radius": 0.4866274893283844,
        "min_radius": 5.3203558921813965,
        "max_radius": 7.428411483764648
      },
      "6": {
        "count": 18,
        "mean_radius": 5.659454822540283,
        "std_radius": 0.3246786296367645,
        "min_radius": 5.163466930389404,
        "max_radius": 6.307089328765869
      },
      "7": {
        "count": 6,
        "mean_radius": 6.214158535003662,
        "std_radius": 0.31578922271728516,
        "min_radius": 5.761175632476807,
        "max_radius": 6.754678726196289
      },
      "8": {
        "count": 2,
        "mean_radius": 6.230695724487305,
        "std_radius": 0.17329955101013184,
        "min_radius": 6.057395935058594,
        "max_radius": 6.403995037078857
      },
      "10": {
        "count": 1,
        "mean_radius": 5.853165149688721,
        "std_radius": 0.0,
        "min_radius": 5.853165149688721,
        "max_radius": 5.853165149688721
      }
    },
    "pca": {
      "explained_variance_ratio": [
        0.20230618119239807,
        0.14264711737632751,
        0.1323644369840622,
        0.11276450753211975,
        0.1027221605181694,
        0.09034816920757294,
        0.07288437336683273,
        0.07048369944095612,
        0.06954982131719589,
        0.002044602995738387
      ],
      "intrinsic_dim_90pct": 8,
      "intrinsic_dim_95pct": 9
    }
  },
  "v5_11": {
    "embedding_analysis": {
      "name": "v5_11",
      "n_embeddings": 19683,
      "embedding_dim": 16,
      "radial_stats": {
        "mean": 0.8351580500602722,
        "std": 0.09197359532117844,
        "min": 0.4038897454738617,
        "max": 0.9477615356445312,
        "range": 0.5438717603683472
      },
      "valuation_radial_correlation": -0.424437349365509,
      "distance_valuation_correlation": 0.30644015781306233,
      "separation_ratio": 1.1558625322045843,
      "per_valuation_stats": {
        "0": {
          "count": 13122,
          "mean_radius": 0.8568845391273499,
          "std_radius": 0.08365219086408615,
          "min_radius": 0.4038897454738617,
          "max_radius": 0.9477615356445312
        },
        "1": {
          "count": 4374,
          "mean_radius": 0.820679783821106,
          "std_radius": 0.06666923314332962,
          "min_radius": 0.6095123887062073,
          "max_radius": 0.9387136697769165
        },
        "2": {
          "count": 1458,
          "mean_radius": 0.7516011595726013,
          "std_radius": 0.10965770483016968,
          "min_radius": 0.44419172406196594,
          "max_radius": 0.9361502528190613
        },
        "3": {
          "count": 486,
          "mean_radius": 0.7141169905662537,
          "std_radius": 0.09564361721277237,
          "min_radius": 0.4998369514942169,
          "max_radius": 0.9232913851737976
        },
        "4": {
          "count": 162,
          "mean_radius": 0.6570600271224976,
          "std_radius": 0.0794902965426445,
          "min_radius": 0.4798825979232788,
          "max_radius": 0.8037505149841309
        },
        "5": {
          "count": 54,
          "mean_radius": 0.6952193975448608,
          "std_radius": 0.10251356661319733,
          "min_radius": 0.5047324895858765,
          "max_radius": 0.8603358268737793
        },
        "6": {
          "count": 18,
          "mean_radius": 0.6028294563293457,
          "std_radius": 0.05481620877981186,
          "min_radius": 0.5254519581794739,
          "max_radius": 0.6908573508262634
        },
        "7": {
          "count": 6,
          "mean_radius": 0.7741611003875732,
          "std_radius": 0.018912572413682938,
          "min_radius": 0.7487582564353943,
          "max_radius": 0.8022851347923279
        },
        "8": {
          "count": 2,
          "mean_radius": 0.7677851915359497,
          "std_radius": 0.017340391874313354,
          "min_radius": 0.750444769859314,
          "max_radius": 0.7851255536079407
        },
        "10": {
          "count": 1,
          "mean_radius": 0.8115943670272827,
          "std_radius": 0.0,
          "min_radius": 0.8115943670272827,
          "max_radius": 0.8115943670272827
        }
      },
      "pca": {
        "explained_variance_ratio": [
          0.2702260911464691,
          0.16318893432617188,
          0.12429210543632507,
          0.10903275012969971,
          0.08858732134103775,
          0.07499750703573227,
          0.06875534355640411,
          0.05073636770248413,
          0.032472532242536545,
          0.00825663935393095
        ],
        "intrinsic_dim_90pct": 8,
        "intrinsic_dim_95pct": 9
      }
    },
    "hyperbolic_metrics": {
      "mean_hyperbolic_distance": 2.550384044647217,
      "std_hyperbolic_distance": 0.5780147314071655,
      "boundary_fraction": 0.28918355941675555,
      "core_fraction": 0.0,
      "hyperbolic_spread": 2.762040615081787
    },
    "checkpoint_epoch": 9,
    "checkpoint_metrics": {
      "coverage": 1.0,
      "geo_loss_A": 0.15733598172664642,
      "geo_loss_B": 0.025765174999833107,
      "rad_loss_A": 0.08479198813438416,
      "rad_loss_B": 0.003296670038253069,
      "radial_corr_A": -0.6392978195002242,
      "radial_corr_B": -0.8302459896474613,
      "mean_radius_A": 0.7581405639648438,
      "mean_radius_B": 0.8145169019699097,
      "radius_min_A": 0.051238007843494415,
      "radius_max_A": 0.9461430311203003,
      "radius_range_A": 0.8949050307273865,
      "radius_v0": 0.8131962418556213,
      "radius_v9": 0.07250015437602997,
      "distance_corr_A": 0.45849791169166565,
      "distance_corr_B": 0.9297544360160828
    }
  },
  "v5_11_overnight": {
    "embedding_analysis": {
      "name": "v5_11_overnight",
      "n_embeddings": 19683,
      "embedding_dim": 16,
      "radial_stats": {
        "mean": 0.8079386949539185,
        "std": 0.0926823616027832,
        "min": 0.3300152122974396,
        "max": 0.9461695551872253,
        "range": 0.6161543130874634
      },
      "valuation_radial_correlation": -0.2945128431273922,
      "distance_valuation_correlation": 0.2303655321668377,
      "separation_ratio": 1.1732257152970054,
      "per_valuation_stats": {
        "0": {
          "count": 13122,
          "mean_radius": 0.8299844264984131,
          "std_radius": 0.08452368527650833,
          "min_radius": 0.3701203167438507,
          "max_radius": 0.9461695551872253
        },