{
  "_metadata": {
    "analysis_type": "dhf_correlation_test",
    "description": "Test 3b: E protein p-adic distance vs DHF correlation",
    "created": "2026-01-05T18:22:57.166495+00:00",
    "comparison_with": "Test 3 (NS1)"
  },
  "data": {
    "n_serotypes": 4,
    "n_pairs": 12,
    "serotypes": [
      "DENV-1",
      "DENV-2",
      "DENV-3",
      "DENV-4"
    ]
  },
  "e_protein_embeddings": {
    "DENV-1": {
      "mean_val": 0.5313131313131313,
      "std_val": 0.9777986474106382,
      "median_val": 0.0,
      "frac_v0": 0.6626262626262627,
      "frac_v1": 0.21818181818181817,
      "frac_v2": 0.06868686868686869,
      "frac_v3plus": 0.050505050505050504,
      "mean_val_first": 0.5454545454545454,
      "mean_val_mid": 0.47878787878787876,
      "mean_val_last": 0.5696969696969697,
      "vector": [
        0.5313131313131313,
        0.9777986474106382,
        0.6626262626262627,
        0.21818181818181817,
        0.06868686868686869,
        0.050505050505050504,
        0.5454545454545454,
        0.47878787878787876,
        0.5696969696969697
      ]
    },
    "DENV-2": {
      "mean_val": 0.6383838383838384,
      "std_val": 1.394267272227771,
      "median_val": 0.0,
      "frac_v0": 0.6707070707070707,
      "frac_v1": 0.18585858585858586,
      "frac_v2": 0.08686868686868687,
      "frac_v3plus": 0.05656565656565657,
      "mean_val_first": 0.6424242424242425,
      "mean_val_mid": 0.6303030303030303,
      "mean_val_last": 0.6424242424242425,
      "vector": [
        0.6383838383838384,
        1.394267272227771,
        0.6707070707070707,
        0.18585858585858586,
        0.08686868686868687,
        0.05656565656565657,
        0.6424242424242425,
        0.6303030303030303,
        0.6424242424242425
      ]
    },
    "DENV-3": {
      "mean_val": 0.6808080808080809,
      "std_val": 1.3718436144695807,
      "median_val": 0.0,
      "frac_v0": 0.6141414141414141,
      "frac_v1": 0.24646464646464647,
      "frac_v2": 0.09292929292929293,
      "frac_v3plus": 0.046464646464646465,
      "mean_val_first": 0.593939393939394,
      "mean_val_mid": 0.6424242424242425,
      "mean_val_last": 0.806060606060606,
      "vector": [
        0.6808080808080809,
        1.3718436144695807,
        0.6141414141414141,
        0.24646464646464647,
        0.09292929292929293,
        0.046464646464646465,
        0.593939393939394,
        0.6424242424242425,
        0.806060606060606
      ]
    },
    "DENV-4": {
      "mean_val": 0.5555555555555556,
      "std_val": 1.3884241646755486,
      "median_val": 0.0,
      "frac_v0": 0.6989898989898989,
      "frac_v1": 0.2080808080808081,
      "frac_v2": 0.052525252525252523,
      "frac_v3plus": 0.04040404040404041,
      "mean_val_first": 0.5454545454545454,
      "mean_val_mid": 0.5696969696969697,
      "mean_val_last": 0.5515151515151515,
      "vector": [
        0.5555555555555556,
        1.3884241646755486,
        0.6989898989898989,
        0.2080808080808081,
        0.052525252525252523,
        0.04040404040404041,
        0.5454545454545454,
        0.5696969696969697,
        0.5515151515151515
      ]
    }
  },
  "distances": {
    "DENV-1-DENV-2": 0.4733253336790407,
    "DENV-1-DENV-3": 0.516110747346911,
    "DENV-1-DENV-4": 0.4237730814730953,
    "DENV-2-DENV-3": 0.19644014362730838,
    "DENV-2-DENV-4": 0.17598227388084728,
    "DENV-3-DENV-4": 0.31422656912635244
  },
  "linear_model": {
    "spearman_rho": -0.13451854182690984,
    "spearman_p": 0.6768163566488966,
    "pearson_r": -0.04627569420008886,
    "pearson_p": 0.8864429435359172
  },
  "quadratic_model": {
    "coefficients": {
      "a": 79.42321804835865,
      "b": -54.80353735576579,
      "c": 12.541692253853657
    },
    "r_squared": 0.13970119981991547,
    "optimal_distance": 0.3450095494896555,
    "predictions": [
      4.3955189443493,
      5.4129843305463865,
      3.580537726002337,
      4.3955189443493,
      4.840918623650774,
      5.356959191863816,
      5.4129843305463865,
      4.840918623650774,
      3.163081183587394,
      3.580537726002337,
      5.356959191863816,
      3.163081183587394
    ],
    "is_inverted_u": false
  },
  "comparison_ns1": {
    "ns1_rho": -0.33,
    "e_protein_rho": -0.13451854182690984,
    "improvement": 0.19548145817309018
  },
  "decision": "FAIL_TO_REJECT",
  "interpretation": {
    "linear": "negative",
    "goldilocks": "not_supported"
  }
}