{
  "timestamp": "2026-01-26T13:51:59.573653",
  "n_sequences": 120,
  "primes_tested": [
    2,
    3,
    5,
    7,
    11,
    13,
    17,
    19
  ],
  "adelic_analysis": {
    "best_single_prime": 13,
    "best_single_r2": 0.9605021209841569,
    "adelic_r2": 0.988783423838423,
    "improvement": 0.02828130285426611,
    "f_statistic": 2568.5705531911944,
    "f_pvalue": 0.0,
    "aic_single": -3426.9551838803095,
    "aic_adelic": -12401.174715079487,
    "is_genuinely_adelic": false,
    "dominant_primes": [
      2,
      13
    ],
    "weights": {
      "2": 0.07683920913612312,
      "3": -0.0018139530054174932,
      "5": 0.0055850859131347675,
      "7": -0.0,
      "11": 0.0,
      "13": 0.09500930823016568,
      "17": 0.01571677528944192,
      "19": 0.03621274011068005
    }
  },
  "crt_factorizations": {
    "mod_2": {
      "modulus": 2,
      "spearman_rho": 0.16211226001969034,
      "pvalue": 3.046152464931407e-43
    },
    "mod_3": {
      "modulus": 3,
      "spearman_rho": 0.04619262033013582,
      "pvalue": 9.437789106973317e-05
    },
    "mod_4": {
      "modulus": 4,
      "spearman_rho": 0.2315881369969511,
      "pvalue": 1.4652649285775828e-87
    },
    "mod_5": {
      "modulus": 5,
      "spearman_rho": 0.02449774651632615,
      "pvalue": 0.038455009792208505
    },
    "mod_7": {
      "modulus": 7,
      "spearman_rho": 0.08788895060251237,
      "pvalue": 1.0100176469104664e-13
    },
    "mod_8": {
      "modulus": 8,
      "spearman_rho": 0.1956470314339196,
      "pvalue": 1.5359634267683318e-62
    },
    "mod_9": {
      "modulus": 9,
      "spearman_rho": 0.2018548168560239,
      "pvalue": 1.5516201337761268e-66
    },
    "mod_16": {
      "modulus": 16,
      "spearman_rho": 0.15029874225666262,
      "pvalue": 2.3991963575341515e-37
    },
    "mod_64": {
      "modulus": 64,
      "spearman_rho": 0.31423993100004166,
      "pvalue": 2.117066897917104e-163
    }
  },
  "conclusion": "13-adic"
}