{
  "timestamp": "2026-01-26T13:51:55.593017",
  "n_sequences": 200,
  "primes_tested": [
    2,
    3,
    5,
    7,
    11,
    13
  ],
  "methods_tested": [
    "positional",
    "codon_sum"
  ],
  "best_ultrametric": {
    "method": "positional",
    "prime": 2,
    "compliance": 1.0
  },
  "best_correlation": {
    "method": "positional",
    "prime": 11,
    "correlation": -0.3013852168577649,
    "pvalue": 1.4458381660868487e-05
  },
  "detailed_results": {
    "positional": {
      "2": {
        "ultrametric_compliance": 1.0,
        "n_violations": 0,
        "n_triples": 10000,
        "mean_violation": 0.0,
        "conservation_correlation": -0.0007136214691078349,
        "conservation_pvalue": 0.9919982497924391,
        "distance_stats": {
          "mean": 0.5829486057976344,
          "std": 0.382604131418726,
          "min": 0.0,
          "max": 1.0,
          "median": 0.5
        }
      },
      "3": {
        "ultrametric_compliance": 1.0,
        "n_violations": 0,
        "n_triples": 10000,
        "mean_violation": 0.0,
        "conservation_correlation": -0.10308224020241957,
        "conservation_pvalue": 0.14635214639041788,
        "distance_stats": {
          "mean": 0.7472998968321259,
          "std": 0.36281356778999413,
          "min": 0.0,
          "max": 1.0,
          "median": 1.0
        }
      },
      "5": {
        "ultrametric_compliance": 1.0,
        "n_violations": 0,
        "n_triples": 10000,
        "mean_violation": 0.0,
        "conservation_correlation": -0.11859522028457185,
        "conservation_pvalue": 0.09440903873814598,
        "distance_stats": {
          "mean": 0.8241169849246232,
          "std": 0.3441622462433249,
          "min": 0.0,
          "max": 1.0,
          "median": 1.0
        }
      },
      "7": {
        "ultrametric_compliance": 1.0,
        "n_violations": 0,
        "n_triples": 10000,
        "mean_violation": 0.0,
        "conservation_correlation": -0.13679713062795984,
        "conservation_pvalue": 0.05341289951568151,
        "distance_stats": {
          "mean": 0.8711775252944507,
          "std": 0.31276683662809934,
          "min": 0.0,
          "max": 1.0,
          "median": 1.0
        }
      },
      "11": {
        "ultrametric_compliance": 1.0,
        "n_violations": 0,
        "n_triples": 10000,
        "mean_violation": 0.0,
        "conservation_correlation": -0.3013852168577649,
        "conservation_pvalue": 1.4458381660868487e-05,
        "distance_stats": {
          "mean": 0.9150390261532373,
          "std": 0.26784290417236006,
          "min": 0.0,
          "max": 1.0,
          "median": 1.0
        }
      },
      "13": {
        "ultrametric_compliance": 1.0,
        "n_violations": 0,
        "n_triples": 10000,
        "mean_violation": 0.0,
        "conservation_correlation": -0.19117515767968193,
        "conservation_pvalue": 0.006693196211234556,
        "distance_stats": {
          "mean": 0.924512663453819,
          "std": 0.255711550764846,
          "min": 0.0,
          "max": 1.0,
          "median": 1.0
        }
      }
    },
    "codon_sum": {}
  }
}