{
  "timestamp": "2026-01-26T13:51:57.944440",
  "n_sequences": 150,
  "linear_projection": {
    "r2_score": 0.31781788079515505,
    "residual_std": 0.14038808252653692,
    "intercept": 0.6995006711409394,
    "coefficients": {
      "2-adic": 0.056674934389334235,
      "3-adic": 0.008416028346861688,
      "5-adic": 0.024685028918080207,
      "7-adic": 0.026700335067616533,
      "11-adic": 0.03991901477355447
    }
  },
  "nonlinear_analysis": {
    "spearman_by_prime": {
      "2": [
        0.2933028226131877,
        1.4641103434041756e-220
      ],
      "3": [
        0.05205898112104677,
        3.663071818735025e-08
      ],
      "5": [
        0.1529398845161823,
        1.8514196490713234e-59
      ],
      "7": [
        0.07886744602466715,
        6.866881881324576e-17
      ],
      "11": [
        0.1514754478010698,
        2.392711654721336e-58
      ]
    },
    "best_prime": 2,
    "best_rho": 0.2933028226131877
  },
  "residual_analysis": {
    "ultrametric_compliance": 0.6666000000000001,
    "has_hidden_structure": false
  },
  "recommendation": "output_module_viable"
}