{
  "baseline": {
    "TPV": 0.07898812145212634,
    "DRV": 0.09304715988760989,
    "DTG": 0.1732456933726236,
    "RPV": 0.22582320982788753
  },
  "esm2": {
    "TPV": 0.13834946729325115,
    "DRV": 0.29374587567014576,
    "DTG": 0.3110805483193034,
    "RPV": 0.19879700848529439
  },
  "esm2_structural": {
    "TPV": 0.13389833436064635,
    "DRV": 0.09089915476776128,
    "DTG": 0.19290679935407948,
    "RPV": 0.303523644686191
  },
  "esm2_transfer": {
    "TPV": 0.09437874592378101,
    "DRV": 0.15548077596996726,
    "DTG": 0.0778904146081813,
    "RPV": 0.25242685898505285
  }
}