{
  "TPV": {
    "esm2_baseline": 0.08705779163882299,
    "hybrid_transfer": 0.10111725575680217,
    "improvement": 16.149575877490356
  },
  "DRV": {
    "esm2_baseline": 0.03878757126295801,
    "hybrid_transfer": 0.12552956256840092,
    "improvement": 223.63346938476965
  },
  "DTG": {
    "esm2_baseline": 0.17177608581776402,
    "hybrid_transfer": 0.23475776159372086,
    "improvement": 36.664984812131316
  },
  "RPV": {
    "esm2_baseline": 0.22073003779181186,
    "hybrid_transfer": -0.012798656632792152,
    "improvement": -105.7983302865483
  }
}