,risk_score,divergence,speed,current_distance,predicted_distance
DENV-1,1.696134481190196,0.09847445922471287,0.3103373162018945,1.5868284567734694,1.6853029159981823
DENV-3,1.6010990248802552,0.09460662637108186,0.2842238396359828,2.007368272053135,2.101974898424217
DENV-4,0.47676758635106997,0.006896221229522631,0.07788750854933246,0.09740739412620932,0.10430361535573195
DENV-2,0.09966446491069267,0.0005781574947251733,0.0064587653748846684,0.4103515525844472,0.4109297100791724
