{
  "metadata": {
    "timestamp": "2025-11-23T04:22:35.795100",
    "version": "1.0.0",
    "platform": "win32",
    "numpy_version": "1.26.4"
  },
  "phase1_arithmetic_comparison": {
    "size": [
      1000,
      10000,
      100000,
      1000000,
      10000000
    ],
    "ternary_add_ns": [
      1450.1,
      2120.3,
      9120.8,
      264247.9,
      2351671.5
    ],
    "numpy_int8_add_ns": [
      1257.2,
      5837.4,
      52533.1,
      584840.9,
      7580794.9
    ],
    "ternary_mul_ns": [
      1465.5,
      2084.2,
      7700.3,
      70130.9,
      2280167.3
    ],
    "numpy_int8_mul_ns": [
      1444.0,
      7570.9,
      71194.3,
      813518.5,
      9920504.7
    ],
    "ternary_throughput_gbps": [
      0.34480380663402527,
      2.3581568645946325,
      5.481975265327604,
      1.8921626245657959,
      2.126147295657578
    ],
    "numpy_throughput_gbps": [
      1.590836780146357,
      3.426182889642649,
      3.8071235087973108,
      3.4197334693931287,
      2.6382457596893962
    ],
    "add_speedup": [
      0.8669746914005931,
      2.7531009762769414,
      5.7597030962196305,
      2.2132281845948443,
      3.223577315113952
    ],
    "mul_speedup": [
      0.9853292391675196,
      3.632520871317532,
      9.24565276677532,
      11.600000855542993,
      4.350779304658917
    ]
  },
  "phase2_memory_efficiency": [
    {
      "name": "Small (7B params)",
      "params": 7000000000,
      "fp16_gb": 14.0,
      "int8_gb": 7.0,
      "int4_gb": 3.5,
      "ternary_gb": 1.75,
      "dense243_gb": 1.4,
      "ternary_vs_fp16": 8.0,
      "ternary_vs_int8": 4.0,
      "ternary_vs_int4": 2.0
    },
    {
      "name": "Medium (13B params)",
      "params": 13000000000,
      "fp16_gb": 26.0,
      "int8_gb": 13.0,
      "int4_gb": 6.5,
      "ternary_gb": 3.25,
      "dense243_gb": 2.6,
      "ternary_vs_fp16": 8.0,
      "ternary_vs_int8": 4.0,
      "ternary_vs_int4": 2.0
    },
    {
      "name": "Large (70B params)",
      "params": 70000000000,
      "fp16_gb": 140.0,
      "int8_gb": 70.0,
      "int4_gb": 35.0,
      "ternary_gb": 17.5,
      "dense243_gb": 14.0,
      "ternary_vs_fp16": 8.0,
      "ternary_vs_int8": 4.0,
      "ternary_vs_int4": 2.0
    },
    {
      "name": "XL (405B params)",
      "params": 405000000000,
      "fp16_gb": 810.0,
      "int8_gb": 405.0,
      "int4_gb": 202.5,
      "ternary_gb": 101.25,
      "dense243_gb": 81.0,
      "ternary_vs_fp16": 8.0,
      "ternary_vs_int8": 4.0,
      "ternary_vs_int4": 2.0
    }
  ],
  "phase3_throughput_equivalent_bitwidth": {
    "target_bytes": 1000000000,
    "ternary_elements": 4000000000,
    "ternary_time_ns": 737808680.0,
    "ternary_gops": 5.421459666210487,
    "note": "INT2/INT4 comparison requires reference implementations"
  },
  "phase4_neural_workload_patterns": [
    {
      "name": "Small MLP",
      "shape": [
        512,
        512
      ],
      "ternary_ms": 3.206559,
      "numpy_ms": 0.479273,
      "ternary_gops": 0.08175243305986261,
      "numpy_gops": 0.5469617524876219,
      "speedup": 0.14946645297965824
    },
    {
      "name": "Medium Layer",
      "shape": [
        2048,
        2048
      ],
      "ternary_ms": 15.027717,
      "numpy_ms": 7.269152,
      "ternary_gops": 0.27910453730263884,
      "numpy_gops": 0.5770004534229027,
      "speedup": 0.48371632231296346
    },
    {
      "name": "Large Layer",
      "shape": [
        4096,
        4096
      ],
      "ternary_ms": 42.582514,
      "numpy_ms": 30.568248,
      "ternary_gops": 0.3939930836399185,
      "numpy_gops": 0.548844539602008,
      "speedup": 0.717859166323529
    },
    {
      "name": "Attention Head",
      "shape": [
        8192,
        1024
      ],
      "ternary_ms": 61.927634,
      "numpy_ms": 14.49229,
      "ternary_gops": 0.1354582350102379,
      "numpy_gops": 0.5788324688506785,
      "speedup": 0.23401975925642501
    }
  ],
  "phase5_model_quantization": {
    "status": "Framework defined - requires actual model implementation",
    "target_models": [
      "TinyLlama-1.1B",
      "Phi-2",
      "Gemma-2B"
    ],
    "metrics": [
      "Perplexity degradation",
      "Accuracy on benchmark tasks",
      "Inference latency",
      "Memory footprint",
      "Throughput (tokens/sec)"
    ],
    "note": "Requires PyTorch/Transformers integration"
  },
  "phase6_power_consumption": {
    "status": "Framework defined - requires hardware access",
    "platforms": [
      "Raspberry Pi",
      "Jetson",
      "x86",
      "Desktop"
    ],
    "metrics": [
      "Watts/GOPS",
      "Battery life",
      "Thermal"
    ],
    "note": "Requires actual hardware power monitoring"
  }
}