{
  "prime": 3,
  "epochs": 50,
  "metrics": {
    "spearman": 0.32031782356204785,
    "pearson": 0.29452802018832275,
    "mae": 1.1638749947906337,
    "n_samples": 669
  },
  "final_loss": {
    "epoch": 49,
    "total": 0.5001535415649414,
    "hierarchy": 0.11249283701181412,
    "property": 0.07868285477161407,
    "padic": 0.13099002838134766
  }
}