{
  "prime": 5,
  "epochs": 100,
  "metrics": {
    "spearman": 0.32153967460409305,
    "pearson": 0.2912118383824341,
    "mae": 1.166439929805416,
    "n_samples": 669
  },
  "final_loss": {
    "epoch": 99,
    "total": 0.489652544260025,
    "hierarchy": 0.06042730435729027,
    "property": 0.08273680508136749,
    "padic": 0.19070743024349213
  }
}