{
  "2": {
    "spearman": 0.34761400630144385,
    "pearson": 0.3235760670296969,
    "mae": 1.160172557905867
  },
  "3": {
    "spearman": 0.33229427633740277,
    "pearson": 0.3256376289954928,
    "mae": 1.1546303519992864
  },
  "5": {
    "spearman": 0.3471999091759957,
    "pearson": 0.3117676049342556,
    "mae": 1.163786069189815
  },
  "7": {
    "spearman": 0.31455845878011857,
    "pearson": 0.2945918331929065,
    "mae": 1.1653401299876087
  },
  "11": {
    "spearman": 0.32840424024575854,
    "pearson": 0.31484487604357764,
    "mae": 1.1649781356643876
  }
}