{
  "vae_best": 0.2675857927433852,
  "trans_best": 0.2548951043632897,
  "refiner_best": 0.2398224713949302,
  "finetune_best": 0.2601936544940562,
  "qa_metrics": {
    "spearman": 0.2601936544940562,
    "spearman_p": 0.0032566408422134733,
    "pearson": 0.28140610456466675,
    "mae": 0.8394399881362915,
    "n_samples": 126,
    "s669_spearman": 0.2744564382836398,
    "s669_n": 100,
    "protherm_spearman": 0.35764529724340743,
    "protherm_n": 26,
    "vae_spearman": 0.266699697341698,
    "trans_spearman": 0.25685352538667955,
    "refiner_spearman": 0.23836867419351807,
    "final_spearman": 0.2601936544940562
  },
  "weights": {
    "vae": 0.3218702971935272,
    "trans": 0.32211798429489136,
    "refiner": 0.35601168870925903
  }
}