epitope_id,r_position,entropy_change,immunodominant,acpa_reactivity,solvent_accessibility,secondary_structure,plddt,x,y,z
VIM_R71,71,0.04852867126464844,True,0.85,0.8,sheet,36.91,109.295,28.772,-64.022
VIM_R257,257,-0.12317705154418945,True,0.72,0.8,sheet,27.0,-90.762,-12.775,58.166
VIM_R45,45,-0.02142500877380371,False,0.15,0.8,sheet,42.03,46.404,25.591,-12.621
VIM_R201,201,-0.023354291915893555,True,0.68,0.6,helix,91.44,-17.04,-8.465,18.638
VIM_R38,38,-0.07329320907592773,False,0.18,0.8,sheet,42.19,32.611,20.931,2.646
VIM_R450,450,-0.08652615547180176,True,0.58,0.7333333333333334,coil,73.12,39.745,-11.535,-5.661
FGA_R38,38,0.04113578796386719,True,0.78,0.8,coil,35.31,-33.405,33.578,71.383
FGA_R573,573,-0.07889413833618164,True,0.65,0.8666666666666667,sheet,32.41,28.115,-38.325,-29.789
FGA_R84,84,-0.08929991722106934,False,0.22,0.6,helix,91.62,-23.604,16.227,58.213
FGA_R263,263,-0.09293556213378906,True,0.55,0.6,sheet,55.69,30.146,18.842,2.758
FGA_R425,425,-0.14384162425994873,True,0.61,0.7666666666666666,sheet,31.88,-11.935,3.076,-33.523
FGA_R591,591,-0.05011320114135742,False,0.19,0.8,sheet,31.0,-7.845,-44.911,-4.636
FGB_R74,74,-0.12317752838134766,True,0.71,0.8666666666666667,coil,37.12,-55.082,-25.513,13.642
FGB_R44,44,-0.09304952621459961,False,0.18,0.6,coil,51.81,-15.707,-3.819,-6.907
FGB_R255,255,-0.06694960594177246,True,0.52,0.0,sheet,98.06,20.793,8.344,-22.053
FGB_R406,406,0.03847956657409668,True,0.48,0.06666666666666665,helix,98.31,-7.532,11.612,-17.069
ENO1_R400,400,-0.09207606315612793,False,0.12,0.4666666666666667,helix,98.31,-4.202,16.347,-3.909
ENO1_R14,14,0.043009042739868164,True,0.45,0.30000000000000004,coil,98.25,4.136,15.019,-5.533
TNC_R1,1,-0.06202578544616699,True,0.48,0.9333333333333333,sheet,31.52,-61.759,32.131,-33.175
TNC_R2,2,-0.05637240409851074,True,0.44,0.9,sheet,34.5,-60.726,32.662,-36.858
TNC_R4,4,0.040926575660705566,True,0.52,0.8666666666666667,sheet,36.81,-57.19,32.813,-42.908
FN1_R1,1,-0.06687760353088379,True,0.39,0.9,sheet,35.03,-21.912,-39.061,24.593
FN1_R2,2,-0.013733506202697754,True,0.45,0.7666666666666666,sheet,37.94,-20.146,-41.706,24.41
FN1_R4,4,-0.06876015663146973,False,0.18,0.6,coil,25.84,-14.316,-46.02,24.988
CLU_R1,1,-0.06803512573242188,True,0.36,0.8666666666666667,sheet,47.84,-74.659,6.73,66.594
CLU_R2,2,-0.06925344467163086,False,0.14,0.8333333333333334,coil,51.31,-75.871,8.402,63.26
