{
  "timestamp": "20251216_132449",
  "cluster_accuracy": 0.96875,
  "synonymous_accuracy": 1.0,
  "separation_ratio": 52.38126054791211,
  "codon_to_position": {
    "TTT": 11979,
    "TTC": 11979,
    "TTA": 9379,
    "TTG": 9379,
    "TCT": 15673,
    "TCC": 15673,
    "TCA": 15673,
    "TCG": 15673,
    "TAT": 9882,
    "TAC": 9882,
    "TAA": 9804,
    "TAG": 9804,
    "TGT": 9849,
    "TGC": 9849,
    "TGA": 9804,
    "TGG": 9804,
    "CTT": 9379,
    "CTC": 9379,
    "CTA": 9379,
    "CTG": 9379,
    "CCT": 4013,
    "CCC": 4013,
    "CCA": 4013,
    "CCG": 4013,
    "CAT": 9819,
    "CAC": 9819,
    "CAA": 9909,
    "CAG": 9909,
    "CGT": 10568,
    "CGC": 10568,
    "CGA": 10568,
    "CGG": 10568,
    "ATT": 9858,
    "ATC": 9858,
    "ATA": 9858,
    "ATG": 9858,
    "ACT": 12039,
    "ACC": 12039,
    "ACA": 12039,
    "ACG": 12039,
    "AAT": 11925,
    "AAC": 11925,
    "AAA": 10524,
    "AAG": 10524,
    "AGT": 15673,
    "AGC": 15673,
    "AGA": 10568,
    "AGG": 10568,
    "GTT": 9915,
    "GTC": 9915,
    "GTA": 9915,
    "GTG": 9915,
    "GCT": 10814,
    "GCC": 10814,
    "GCA": 10814,
    "GCG": 10814,
    "GAT": 9753,
    "GAC": 9753,
    "GAA": 9954,
    "GAG": 9954,
    "GGT": 16486,
    "GGC": 16486,
    "GGA": 16486,
    "GGG": 16486
  }
}