{
  "s669": {
    "n_samples": 669,
    "vae_spearman": 0.2814710720815657,
    "refiner_spearman": 0.25667068273910754
  },
  "protherm": {
    "n_samples": 177,
    "vae_spearman": 0.8500287189165485,
    "refiner_spearman": 0.8924708413372539
  },
  "wide": {
    "n_samples": 100000,
    "vae_spearman": 0.2142505425636731,
    "refiner_spearman": 0.21487178541138713
  }
}