rank,sequence,length,net_charge,hydrophobicity,activity_score,toxicity_score,stability_score
1,HFHTSFFFSTKVYETSHTHY,20,2.0,0.08899999999999998,4.044521,0.0,0.07529134556268895
2,KHPHYTYYGAKTHKRVSQVK,20,6.5,-0.33499999999999996,0.233225,0.0,0.07642997319515743
3,KHPGYTYYGAKSHKRVSQVK,20,6.0,-0.2975,0.1870062499999999,0.0,0.07854796408316213
4,KHFGYTYYGAKSHKRVSQVK,20,6.0,-0.244,0.12593600000000002,0.0,0.09082050398622785
5,KHPHYTYYGAKTHMRVSQVK,20,5.5,-0.22799999999999998,0.10878400000000002,0.0,0.1754126292419327
6,YYNQHRTFHHFSSVKWTGHS,20,4.0,-0.13149999999999995,0.016192249999999936,0.0,0.2020302797409469
7,KLSHVFSFGKSQAVMRTANK,20,4.5,-0.08449999999999999,-0.02215975000000006,0.0,0.22223569615790661
8,KIPHYTYYHAMTHMRVSGVK,20,4.5,-0.009499999999999986,-0.07420975000000002,0.0,0.281204699115287
9,GKHISIAGMKQSLKIQSMHT,20,4.0,0.023499999999999997,-0.09354775000000003,0.0,0.29865220864889025
10,YVIVCHYHLHKWHHLGKAQG,20,4.5,0.1505,-0.14764975000000002,0.0,0.39796069033092873
