{
  "pathogen": "A_baumannii",
  "pathogen_info": {
    "full_name": "Acinetobacter baumannii",
    "gram": "negative",
    "priority": "critical",
    "resistance": "Carbapenem-resistant",
    "membrane_features": {
      "LPS_abundance": 0.85,
      "phosphatidylethanolamine": 0.7,
      "phosphatidylglycerol": 0.2,
      "cardiolipin": 0.05,
      "net_charge": -0.6
    },
    "optimal_amp_features": {
      "net_charge": [
        4,
        8
      ],
      "hydrophobicity": [
        0.3,
        0.5
      ],
      "amphipathicity": [
        0.4,
        0.7
      ],
      "length": [
        15,
        30
      ]
    }
  },
  "config": {
    "population_size": 100,
    "generations": 50,
    "latent_dim": 16
  },
  "pareto_size": 15,
  "candidates": [
    {
      "rank": 1,
      "sequence": "HFHTSFFFSTKVYETSHTHY",
      "properties": {
        "net_charge": 2.0,
        "hydrophobicity": 0.08899999999999998,
        "length": 20
      },
      "objectives": {
        "activity": 4.044521,
        "toxicity": 0.0,
        "stability": 0.07529134556268895
      },
      "latent": [
        0.6543587730308971,
        -0.30621698642328443,
        -0.21820465203791234,
        -0.22795591629188935,
        -0.1610057221724781,
        0.1579527160726998,
        0.5917122677421175,
        0.16670639923270253,
        0.10188268552003905,
        0.07230464733912442,
        -0.16032834959148476,
        0.042954612718197435,
        -0.233026855523648,
        -0.21520662758613382,
        -0.09895121840103496,
        0.02790527489258612
      ]
    },
    {
      "rank": 2,
      "sequence": "KHPHYTYYGAKTHKRVSQVK",
      "properties": {
        "net_charge": 6.5,
        "hydrophobicity": -0.33499999999999996,
        "length": 20
      },
      "objectives": {
        "activity": 0.233225,
        "toxicity": 0.0,
        "stability": 0.07642997319515743
      },
      "latent": [
        0.7406118761784348,
        -0.5332348610726818,
        0.068469256936397,
        -0.1165667302932191,
        -0.15849408723588612,
        0.035457690903489346,
        0.39120443043517805,
        -0.012904293405441213,
        0.054769976945394296,
        0.1506091858260999,
        0.07364681685356435,
        0.1785621721727476,
        -0.16119636514004682,
        -0.28662771953940785,
        -0.09969353483969193,
        0.1053736761609905
      ]
    },
    {
      "rank": 3,
      "sequence": "KHPGYTYYGAKSHKRVSQVK",
      "properties": {
        "net_charge": 6.0,
        "hydrophobicity": -0.2975,
        "length": 20
      },
      "objectives": {
        "activity": 0.1870062499999999,
        "toxicity": 0.0,
        "stability": 0.07854796408316213
      },
      "latent": [
        0.7405887564992044,
        -0.5962585782375824,
        0.1321237566542526,
        -0.11687746809557772,
        -0.1870946082510324,
        0.10399514767536173,
        0.2553070888604896,
        -0.007332468260822727,
        -0.03237169870038603,
        0.15378056272220691,
        0.08271336282821107,
        0.175752742658822,
        -0.08405399371997888,
        -0.2972321389274607,
        -0.20181067140821185,
        0.10969529975657635
      ]
    },
    {
      "rank": 4,
      "sequence": "KHFGYTYYGAKSHKRVSQVK",
      "properties": {
        "net_charge": 6.0,
        "hydrophobicity": -0.244,
        "length": 20
      },
      "objectives": {
        "activity": 0.12593600000000002,
        "toxicity": 0.0,
        "stability": 0.09082050398622785
      },
      "latent": [
        0.7404721502399003,
        -0.6507767552968399,
        -0.10377732452247387,
        -0.24095094371269096,
        -0.10797291515572713,
        0.0736808749962578,
        0.4660770927326109,
        0.015895275406604653,
        0.03371379015026843,
        0.15427077782638185,
        0.09965477766013994,
        0.19717839303863563,
        -0.10563030035745438,
        -0.28874566311483785,
        -0.09610835985758906,
        0.020221867377035713
      ]
    },
    {
      "rank": 5,
      "sequence": "KHPHYTYYGAKTHMRVSQVK",
      "properties": {
        "net_charge": 5.5,
        "hydrophobicity": -0.22799999999999998,
        "length": 20
      },
      "objectives": {
        "activity": 0.10878400000000002,
        "toxicity": 0.0,
        "stability": 0.1754126292419327
      },
      "latent": [
        0.7407098024155901,
        -0.38341024894084014,
        0.02990507724618699,
        -0.1383223290741454,
        -0.16104681236023627,
        0.12453518247537577,
        0.5290007934607548,
        0.08064078143333267,
        0.0445756719315075,
        0.07594705782294606,
        0.010091781428607295,
        0.19437877189544134,
        -0.19337418724134114,
        -0.2279554979232126,
        -0.1327095629942923,
        0.10257379777095471
      ]
    },
    {
      "rank": 6,
      "sequence": "YYNQHRTFHHFSSVKWTGHS",
      "properties": {
        "net_charge": 4.0,
        "hydrophobicity": -0.13149999999999995,
        "length": 20
      },
      "objectives": {
        "activity": 0.016192249999999936,
        "toxicity": 0.0,
        "stability": 0.2020302797409469
      },
      "latent": [
        0.5614647340873213,
        -0.5744627304178846,
        -0.20619020366100763,
        -0.14345051001150103,
        -0.1264694362741984,
        0.2462627775676739,
        0.6738425808586934,
        -0.1423109802151863,
        0.06512132727192924,
        -0.0229142989775242,
        -0.10405807757129044,
        0.21298511301171097,
        -0.4211999612442375,
        -0.34392822828503533,
        -0.10494523203507268,
        0.07429473980622836
      ]
    },
    {
      "rank": 7,
      "sequence": "KLSHVFSFGKSQAVMRTANK",
      "properties": {
        "net_charge": 4.5,
        "hydrophobicity": -0.08449999999999999,
        "length": 20
      },
      "objectives": {
        "activity": -0.02215975000000006,
        "toxicity": 0.0,
        "stability": 0.22223569615790661
      },
      "latent": [
        0.44953146012247347,
        -0.7231330307727675,
        -0.35087027523156966,
        -0.18291490807890468,
        0.06711228187894842,
        0.26910794972199725,
        0.6534893217097701,
        -0.34922120428036096,
        -0.09574280678636025,
        -0.12559945184739008,
        -0.4831122396819496,
        0.053992519767616196,
        -0.315070502539715,
        -0.24380746561347172,
        -0.062092813671454736,
        0.15638083615639548
      ]
    },
    {
      "rank": 8,
      "sequence": "KIPHYTYYHAMTHMRVSGVK",
      "properties": {
        "net_charge": 4.5,
        "hydrophobicity": -0.009499999999999986,
        "length": 20
      },
      "objectives": {
        "activity": -0.07420975000000002,
        "toxicity": 0.0,
        "stability": 0.281204699115287
      },
      "latent": [
        0.7408262611690015,
        -0.23142898728881925,
        0.0077254298152410784,
        -0.07262628408878219,
        -0.1030405247115651,
        0.10824985148390794,
        0.6493641930240085,
        0.16593374086077903,
        0.04718547085520577,
        0.21579777215756457,
        -0.001033598140131823,
        0.20581606851220813,
        -0.3101422421463215,
        -0.12707589022620502,
        -0.08492626549630036,
        0.09648485427122368
      ]
    },
    {
      "rank": 9,
      "sequence": "GKHISIAGMKQSLKIQSMHT",
      "properties": {
        "net_charge": 4.0,
        "hydrophobicity": 0.023499999999999997,
        "length": 20
      },
      "objectives": {
        "activity": -0.09354775000000003,
        "toxicity": 0.0,
        "stability": 0.29865220864889025
      },