drug_class,drug,n_train,n_test,use_tam,best_test_corr,final_train_corr,final_test_corr
nrti,ABC,1384,347,False,0.09559077000108368,0.03605226827527199,0.07749021201560218
nrti,AZT,1482,371,False,0.04696252375950889,-0.03023110779927009,0.044540615564374504
nrti,D4T,1476,370,False,0.09929561332237848,-0.05690156368833696,-0.04723729629680256
nrti,DDI,1479,370,False,0.15059524346950318,0.04651783256747566,-0.03770665189775904
nrti,3TC,1472,368,False,0.029311917365288733,0.03281141036607539,-0.0018217439535108994
nrti,TDF,1238,310,False,0.10974006122415939,-0.061725529334534,-0.10480740481664877
