{
  "small_8M": {
    "TPV": 0.04291822165581553,
    "DRV": 0.1565464186409367,
    "DTG": 0.10792305899294552,
    "RPV": 0.13564252358722453
  },
  "large_650M": {
    "TPV": 0.14170696038063701,
    "DRV": 0.14141621340180466,
    "DTG": 0.04270735373529272,
    "RPV": 0.17485923483514224
  }
}