{
  "spearman_r": 0.268580235119262,
  "spearman_p": 0.05420230313486007,
  "pearson_r": 0.6204752649091675,
  "pearson_p": 9.271368302797585e-07,
  "mae": 1.0053106008380384,
  "rmse": 1.2582204734195457,
  "n_samples": 52,
  "feature_importance": {
    "hyp_dist": 0.0,
    "delta_radius": -0.03836619751543929,
    "euc_dist": 0.13841996242036683,
    "angular_dist": 0.12934062539174362,
    "delta_hydro": -0.21416627622112405,
    "delta_charge": 0.04063182702681211,
    "delta_size": -0.23995312471292854
  },
  "passed": 