{
  "deterministic": {
    "spearman": 0.4805971100926184,
    "spearman_p": 0.003475491641936049,
    "pearson": 0.8184196949005127,
    "pearson_p": 1.905802404778001e-09,
    "mae": 0.5988957285881042,
    "rmse": 0.7143821120262146,
    "n_samples": 35
  },
  "monte_carlo": {
    "spearman": 0.5022806742246231,
    "spearman_p": 0.002107457611274038,
    "pearson": 0.8127989172935486,
    "pearson_p": 3.0136788620183097e-09,
    "mae": 0.6551904082298279,
    "rmse": 0.7902597188949585,
    "n_samples": 35,
    "uncertainty_calibration": -0.16213008226659756,
    "mean_uncertainty": 0.25913283228874207
  },
  "baseline_refiner_spearman": 0.4802886220101893
}