{
  "train_loss": [
    1.4773399498727586,
    1.1530320313241746,
    1.088242530822754,
    1.141717791557312,
    1.0310008856985304,
    1.0432306428750355,
    0.9740375677744547,
    0.9129069646199545,
    0.9216912024550967,
    1.022472772333357,
    0.9770576854546865,
    1.00599138935407,
    0.9073494805230035,
    0.9198587735493978,
    0.8967110150390201,
    0.9689115948147244,
    0.9243289132912954,
    0.9445856677161323
  ],
  "val_loss": [
    0.6510086456934611,
    0.5551488200823466,
    0.5365162193775177,
    0.49843765298525494,
    0.5310700138409933,
    0.5829702417055765,
    0.4688033064206441,
    0.45593639214833576,
    0.46521855394045514,
    0.5342730780442556,
    0.4903212587038676,
    0.4524456560611725,
    0.5002197623252869,
    0.5409937798976898,
    0.5202376842498779,
    0.5028141935666403,
    0.513829638560613,
    0.49046094218889874
  ],
  "val_spearman": [
    0.07640269152353388,
    -0.11087706104198201,
    -0.11483191162691894,
    -0.06831194050029901,
    0.43080935851117363,
    0.4550604498755729,
    0.45504995093644696,
    0.4834200006071125,
    0.45504995093644696,
    0.45787284145094104,
    0.45534243931004265,
    0.4797919714234109,
    0.4594312861098542,
    0.45678524256021635,
    0.45678524256021635,
    0.45678524256021635,
    0.4594312861098542,
    0.48235052669855866
  ],
  "val_pearson": [
    0.775840699672699,
    0.7785511016845703,
    0.782158374786377,
    0.7826105356216431,
    0.7973537445068359,
    0.8080260157585144,
    0.816949188709259,
    0.8184195160865784,
    0.816422164440155,
    0.8140458464622498,
    0.8172338008880615,
    0.8201085329055786,
    0.8184641599655151,
    0.8193165063858032,
    0.8212131261825562,
    0.8211931586265564,
    0.8217912316322327,
    0.8233863115310669
  ]
}