{
  "benchmark": "simple_organisms",
  "results": [
    {
      "organism": "ecoli_tem",
      "name": "E. coli TEM beta-lactamase",
      "n_samples": 50,
      "n_features": 6900,
      "spearman_mean": 0.766266583392229,
      "spearman_std": 0.190794033046325,
      "rmse_mean": 0.1806170791387558,
      "rmse_std": 0.038823872804641724
    },
    {
      "organism": "mrsa_simple",
      "name": "MRSA (mecA only)",
      "n_samples": 50,
      "n_features": 16100,
      "spearman_mean": 0.7636915265459847,
      "spearman_std": 0.09359978464295306,
      "rmse_mean": 0.11191640049219131,
      "rmse_std": 0.02587069943547249
    },
    {
      "organism": "hbv",
      "name": "HBV (RT gene)",
      "n_samples": 50,
      "n_features": 8050,
      "spearman_mean": 0.662268718274022,
      "spearman_std": 0.20796276862010818,
      "rmse_mean": 0.13414829969406128,
      "rmse_std": 0.07256697118282318
    }
  ],
  "overall_spearman": 0.7307422760707453,
  "timestamp": "2025-12-28T12:28:45.159720"
}